,date,Last,high,low,open,volume
0,2017-11-17 00:00:00+05:30,344.6,369,307,310,168836552
1,2017-11-20 00:00:00+05:30,355.35,358.9,344,344.7,14650240
2,2017-11-21 00:00:00+05:30,385.3,418.9,352.5,356.4,43078194
3,2017-11-22 00:00:00+05:30,395.2,408,386.9,388,15227642
4,2017-11-23 00:00:00+05:30,374.85,392,371.1,390,12300150
5,2017-11-24 00:00:00+05:30,370.7,383,366.1,376.05,9463228
6,2017-11-27 00:00:00+05:30,380.35,384.5,371,371,3832223
7,2017-11-28 00:00:00+05:30,382.2,386.4,378.1,383,2409447
8,2017-11-29 00:00:00+05:30,377.8,384.7,376.1,382.4,1657909
9,2017-11-30 00:00:00+05:30,371.5,379.8,370.8,379.8,2536960
10,2017-12-01 00:00:00+05:30,372.75,379.55,368,373.7,1904781
11,2017-12-04 00:00:00+05:30,362.8,374.9,362,374.05,1323453
12,2017-12-05 00:00:00+05:30,362.35,365.9,357.15,361,1806017
13,2017-12-06 00:00:00+05:30,368.35,371.7,358.55,360.9,3331373
14,2017-12-07 00:00:00+05:30,388.3,389.9,370.05,370.05,3350792
15,2017-12-08 00:00:00+05:30,389.3,395.8,385.6,390,2494845
16,2017-12-11 00:00:00+05:30,380.8,392.25,379.05,387,1029719
17,2017-12-12 00:00:00+05:30,383.8,387,377.05,380.9,2564559
18,2017-12-13 00:00:00+05:30,380.8,389.25,378.5,386.45,747787
19,2017-12-14 00:00:00+05:30,384.3,386,377,382.85,1261422
20,2017-12-15 00:00:00+05:30,381.4,390.75,380.1,388,1698848
21,2017-12-18 00:00:00+05:30,377.45,383.3,372.25,380,1399027
22,2017-12-19 00:00:00+05:30,374.9,380.95,372.25,378,1641589
23,2017-12-20 00:00:00+05:30,375.15,377.7,371.5,377.45,2251770
24,2017-12-21 00:00:00+05:30,376.05,381.8,375,379.25,1448962
25,2017-12-22 00:00:00+05:30,374.55,380.4,374.2,376.25,775946
26,2017-12-26 00:00:00+05:30,376.55,378.6,373.4,376,1310649
27,2017-12-27 00:00:00+05:30,374.85,377.95,373.8,375.1,589597
28,2017-12-28 00:00:00+05:30,377.95,380,372.4,375,912189
29,2017-12-29 00:00:00+05:30,386,390.8,375.65,379,1611972
30,2018-01-01 00:00:00+05:30,389.65,399.8,386.55,388.5,1445743
31,2018-01-02 00:00:00+05:30,395.5,398,384.35,391.7,1219713
32,2018-01-03 00:00:00+05:30,385.65,398.3,384.1,398,2275082
33,2018-01-04 00:00:00+05:30,399,401.95,387.25,390,2974278
34,2018-01-05 00:00:00+05:30,407,412,398,401,3554479
35,2018-01-08 00:00:00+05:30,422.1,428.3,409.55,410,3806105
36,2018-01-09 00:00:00+05:30,435.5,447.65,422.65,424,6183645
37,2018-01-10 00:00:00+05:30,429.25,441.9,427,438,2374166
38,2018-01-11 00:00:00+05:30,446.7,449.8,424,424,2605294
39,2018-01-12 00:00:00+05:30,455.95,458.7,444.3,449.75,5364763
40,2018-01-15 00:00:00+05:30,474.85,488,457,460,5635852
41,2018-01-16 00:00:00+05:30,482.65,494.3,471.25,479.9,8288750
42,2018-01-17 00:00:00+05:30,478.4,488.2,470,485.4,5691140
43,2018-01-18 00:00:00+05:30,485.05,489.8,478,483.2,1772870
44,2018-01-19 00:00:00+05:30,481.5,491.35,477,489.25,3488403
45,2018-01-22 00:00:00+05:30,470.2,488.85,469,481.5,3825798
46,2018-01-23 00:00:00+05:30,458.55,474.25,454.5,474.25,3561221
47,2018-01-24 00:00:00+05:30,455.25,460,448,457.5,2072037
48,2018-01-25 00:00:00+05:30,448.5,460,447,455,1194340
49,2018-01-29 00:00:00+05:30,445.35,452.6,444.4,447,1113037
50,2018-01-30 00:00:00+05:30,421.85,448.1,417,444,3583717
51,2018-01-31 00:00:00+05:30,427,432.9,395.3,418.4,14738305
52,2018-02-01 00:00:00+05:30,448.25,452,423,429.95,4965461
53,2018-02-02 00:00:00+05:30,442.4,455,430,441,5311751
54,2018-02-05 00:00:00+05:30,441.7,444,422.35,428.2,2268830
55,2018-02-06 00:00:00+05:30,438.8,440.7,417.05,418,1893871
56,2018-02-07 00:00:00+05:30,433.45,449.3,431,443,1048027
57,2018-02-08 00:00:00+05:30,441.5,444.75,434.85,434.9,927897
58,2018-02-09 00:00:00+05:30,439.55,446,430.3,430.3,1008995
59,2018-02-12 00:00:00+05:30,441.75,451,435.05,442,1944360
60,2018-02-14 00:00:00+05:30,431.9,442.9,431,441.8,2159701
61,2018-02-15 00:00:00+05:30,432,437,428,433,506167
62,2018-02-16 00:00:00+05:30,431.45,435.3,426.6,434.15,522734
63,2018-02-19 00:00:00+05:30,435.9,439.4,426.8,432,693977
64,2018-02-20 00:00:00+05:30,434.5,442,432.6,439.5,781850
65,2018-02-21 00:00:00+05:30,449.6,450.5,436.15,438.9,1312613
66,2018-02-22 00:00:00+05:30,450.8,454.5,443.9,447.2,772690
67,2018-02-23 00:00:00+05:30,468.85,471.7,452.05,452.1,1849448
68,2018-02-26 00:00:00+05:30,468.3,472.8,461.35,472.8,920977
69,2018-02-27 00:00:00+05:30,469,477.8,460,467.9,1378658
70,2018-02-28 00:00:00+05:30,461.2,468,460,467.5,1358563
71,2018-03-01 00:00:00+05:30,450.95,464.35,450.1,461.9,1102928
72,2018-03-05 00:00:00+05:30,452.9,456.15,448.1,450,1249630
73,2018-03-06 00:00:00+05:30,447.35,457.4,445.1,457,1595634
74,2018-03-07 00:00:00+05:30,437.55,447.55,435,446.45,2900233
75,2018-03-08 00:00:00+05:30,430.55,442,427.7,441,1951335
76,2018-03-09 00:00:00+05:30,425.55,434.95,423,434.75,1494497
77,2018-03-12 00:00:00+05:30,430.4,433.35,425.5,429.95,884484
78,2018-03-13 00:00:00+05:30,441.95,445.5,429.8,431.95,1396863
79,2018-03-14 00:00:00+05:30,445.25,447.9,440,441.95,872703
80,2018-03-15 00:00:00+05:30,448.6,451,443.6,445,656358
81,2018-03-16 00:00:00+05:30,443.3,450.95,436.1,450.95,553113
82,2018-03-19 00:00:00+05:30,425.9,442.7,425,440,697119
83,2018-03-20 00:00:00+05:30,422.85,428.65,419.65,424.95,1782357
84,2018-03-21 00:00:00+05:30,422.5,438,419.25,426.7,1341420
85,2018-03-22 00:00:00+05:30,427.5,429.75,424.2,426.8,1267475
86,2018-03-23 00:00:00+05:30,429.15,431,416.1,420,939860
87,2018-03-26 00:00:00+05:30,437.55,439,427.25,429,675696
88,2018-03-27 00:00:00+05:30,448.65,449.4,440.05,440.05,1231929
89,2018-03-28 00:00:00+05:30,454.45,460,442.5,442.5,1217753
90,2018-04-02 00:00:00+05:30,482.65,487,456.6,456.6,2112175
91,2018-04-03 00:00:00+05:30,493.6,508.3,482.2,484.8,3149584
92,2018-04-04 00:00:00+05:30,495.85,504,488.9,495,1687239
93,2018-04-05 00:00:00+05:30,497.95,505.85,487.05,501.8,1710038
94,2018-04-06 00:00:00+05:30,496.35,504.4,494,497.8,1505952
95,2018-04-09 00:00:00+05:30,492,510.9,490,496.45,2704392
96,2018-04-10 00:00:00+05:30,503.55,505.9,492.1,494.95,1439138
97,2018-04-11 00:00:00+05:30,499.75,507.7,495,501.5,2556799
98,2018-04-12 00:00:00+05:30,499.6,501.5,497.4,500,870497
99,2018-04-13 00:00:00+05:30,499.8,501.55,497.6,500.25,990964
100,2018-04-16 00:00:00+05:30,494.75,500.3,492.75,495.7,839503
101,2018-04-17 00:00:00+05:30,491.3,500.3,486,497.5,1325820
102,2018-04-18 00:00:00+05:30,493.15,500.25,488,496,1042991
103,2018-04-19 00:00:00+05:30,503.5,511,497.1,501,4279631
104,2018-04-20 00:00:00+05:30,495.65,503.25,494,502.8,1683866
105,2018-04-23 00:00:00+05:30,493.6,496.85,489,496.4,1348271
106,2018-04-24 00:00:00+05:30,499.55,503,489.1,495.8,2176962
107,2018-04-25 00:00:00+05:30,510.6,514.9,495,499,3740225
108,2018-04-26 00:00:00+05:30,533.05,536.8,512.95,512.95,4445968
109,2018-04-27 00:00:00+05:30,519.15,546.85,517,537.9,2924033
110,2018-04-30 00:00:00+05:30,518.05,525.75,514.3,520,1988145
111,2018-05-02 00:00:00+05:30,509.95,525.3,508.1,520.75,1474785
112,2018-05-03 00:00:00+05:30,496,510.9,493,510.55,1926354
113,2018-05-04 00:00:00+05:30,500.35,504.9,490.1,490.1,1276630
114,2018-05-07 00:00:00+05:30,499.9,504.8,497.2,502.55,1484565
115,2018-05-08 00:00:00+05:30,509.95,513.95,499,503.3,1444181
116,2018-05-09 00:00:00+05:30,514.75,518,511,511.9,1600419
117,2018-05-10 00:00:00+05:30,517.65,520.9,509.5,517,1447761
118,2018-05-11 00:00:00+05:30,523.3,524.95,516.1,517.65,1183632
119,2018-05-14 00:00:00+05:30,540,548.25,524.85,526,2848754
120,2018-05-15 00:00:00+05:30,506.5,525.55,495,522,7490877
121,2018-05-16 00:00:00+05:30,497.55,509.5,495.2,502.25,2261791
122,2018-05-17 00:00:00+05:30,494.3,503.25,492.2,498.2,1338372
123,2018-05-18 00:00:00+05:30,493.95,497.8,485.1,497.6,1158565
124,2018-05-21 00:00:00+05:30,489.65,501.5,487.25,493.95,1332552
125,2018-05-22 00:00:00+05:30,481.6,496.7,480,491.95,1469055
126,2018-05-23 00:00:00+05:30,476.35,485.4,475.1,483,1261911
127,2018-05-24 00:00:00+05:30,475.05,484.2,470,478.8,1958399
128,2018-05-25 00:00:00+05:30,481.5,487.5,473.55,478.7,1596757
129,2018-05-28 00:00:00+05:30,491.25,493.35,483.05,485.65,1975352
130,2018-05-29 00:00:00+05:30,494.25,497.7,489.55,491.4,957169
131,2018-05-30 00:00:00+05:30,501.2,505,484.6,492,1480953
132,2018-05-31 00:00:00+05:30,491.15,508.8,486.4,506.45,1419549
133,2018-06-01 00:00:00+05:30,488.85,492.85,485.05,491.65,1060120
134,2018-06-04 00:00:00+05:30,473.85,491.8,472.5,490.75,1150250
135,2018-06-05 00:00:00+05:30,464.35,479,462.2,467.25,1227934
136,2018-06-06 00:00:00+05:30,467.2,471.55,461,465.5,1023144
137,2018-06-07 00:00:00+05:30,470.55,475.7,468,471,1350574
138,2018-06-08 00:00:00+05:30,472.15,476,466.1,470.55,2205834
139,2018-06-11 00:00:00+05:30,485.85,488,474.65,475.7,2410561
140,2018-06-12 00:00:00+05:30,503.2,507.6,486.2,488,2776666
141,2018-06-13 00:00:00+05:30,491.25,505,490.25,504,1003539
142,2018-06-14 00:00:00+05:30,481.5,491,479,491,1006376
143,2018-06-15 00:00:00+05:30,469.75,487,465.45,482.9,13594222
144,2018-06-18 00:00:00+05:30,479.2,485,469.9,469.95,1504101
145,2018-06-19 00:00:00+05:30,474.75,483.2,471.3,476.3,911179
146,2018-06-20 00:00:00+05:30,473.4,478.55,471.2,477,568306
147,2018-06-21 00:00:00+05:30,472.4,476,468,475,660819
148,2018-06-22 00:00:00+05:30,471.4,473.8,469.1,473.8,527118
149,2018-06-25 00:00:00+05:30,467.2,475.9,466.1,471.5,539959
150,2018-06-26 00:00:00+05:30,467.8,470.6,456,465.05,1248575
151,2018-06-27 00:00:00+05:30,468.7,470.8,461.5,468.5,593999
152,2018-06-28 00:00:00+05:30,460.75,467.95,458,467.95,466930
153,2018-06-29 00:00:00+05:30,456.15,465,454,462.05,1002424
154,2018-07-02 00:00:00+05:30,458.35,464.5,450.6,457.75,803747
155,2018-07-03 00:00:00+05:30,459.3,464.5,453.25,458,415286
156,2018-07-04 00:00:00+05:30,460,464.45,456.1,460,481896
157,2018-07-05 00:00:00+05:30,461.75,469.8,457.8,460.45,555727
158,2018-07-06 00:00:00+05:30,468.7,471.95,460.1,462,663491
159,2018-07-09 00:00:00+05:30,474.6,479.9,471.35,473,712689
160,2018-07-10 00:00:00+05:30,475.7,482,473.2,477.95,679839
161,2018-07-11 00:00:00+05:30,468.9,476.7,468,475.1,401838
162,2018-07-12 00:00:00+05:30,479.1,483,471.3,471.55,953274
163,2018-07-13 00:00:00+05:30,471.55,482.7,470,481,569549
164,2018-07-16 00:00:00+05:30,459.85,472.5,457.5,471.8,801423
165,2018-07-17 00:00:00+05:30,464.5,470.65,455.55,460,1332222
166,2018-07-18 00:00:00+05:30,473.9,478,466,468,1274708
167,2018-07-19 00:00:00+05:30,471,474.45,468.2,471.95,581747
168,2018-07-20 00:00:00+05:30,489.6,493.7,468.3,471.8,3641559
169,2018-07-23 00:00:00+05:30,482.95,498,478.55,497,1379264
170,2018-07-24 00:00:00+05:30,480.15,488,470.05,484.05,1128826
171,2018-07-25 00:00:00+05:30,494.35,495.75,478.45,480,1598485
172,2018-07-26 00:00:00+05:30,489.4,495.9,486,494,559055
173,2018-07-27 00:00:00+05:30,508.4,510.8,490,490,2140712
174,2018-07-30 00:00:00+05:30,495.2,507.4,492.65,507,1042844
175,2018-07-31 00:00:00+05:30,502.7,504.9,488,493,896975
176,2018-08-01 00:00:00+05:30,495.75,502.6,494,500.3,444268
177,2018-08-02 00:00:00+05:30,493.1,504.25,490.55,495.65,551346
178,2018-08-03 00:00:00+05:30,486.4,504.75,483.2,495.4,1248163
179,2018-08-06 00:00:00+05:30,485.4,491,481.5,489.5,1237540
180,2018-08-07 00:00:00+05:30,478.1,486.95,476,485.85,666377
181,2018-08-08 00:00:00+05:30,468,479.75,465.55,478.1,1535027
182,2018-08-09 00:00:00+05:30,465.95,474.7,463.25,471,1444553
183,2018-08-10 00:00:00+05:30,464.9,468,459.05,466.9,2171685
184,2018-08-13 00:00:00+05:30,464.1,468.7,460.65,465,1107202
185,2018-08-14 00:00:00+05:30,468.1,471,464,464.1,959947
186,2018-08-16 00:00:00+05:30,461.2,468.8,459.95,468,512635
187,2018-08-17 00:00:00+05:30,461.3,465.7,459.5,463.4,1013707
188,2018-08-20 00:00:00+05:30,462.45,468,461.15,463.85,726254
189,2018-08-21 00:00:00+05:30,462.3,464.95,461.55,463.45,762167
190,2018-08-23 00:00:00+05:30,467.2,474.7,462.3,464.7,1485668
191,2018-08-24 00:00:00+05:30,462.15,472.5,460.6,467,709420
192,2018-08-27 00:00:00+05:30,460.8,466,460,463,717597
193,2018-08-28 00:00:00+05:30,461.45,463.8,460.25,461.95,670395
194,2018-08-29 00:00:00+05:30,466.25,469.9,460.4,463.35,1210750
195,2018-08-30 00:00:00+05:30,466.65,475.5,465,469.95,1091878
196,2018-08-31 00:00:00+05:30,461.75,467.8,461.1,465,513771
197,2018-09-03 00:00:00+05:30,460.15,465.75,459,462.1,484678
198,2018-09-04 00:00:00+05:30,452.9,461.95,452,461.95,554039
199,2018-09-05 00:00:00+05:30,455.4,462.05,441.5,450.4,951095
200,2018-09-06 00:00:00+05:30,453.8,460,450.8,460,442815
201,2018-09-07 00:00:00+05:30,451.35,455,447.25,454,710881
202,2018-09-10 00:00:00+05:30,450.1,457,443.75,449,947697
203,2018-09-11 00:00:00+05:30,445.95,455.75,443.25,454.8,625164
204,2018-09-12 00:00:00+05:30,436.6,447.8,429.1,447.8,1384238
205,2018-09-14 00:00:00+05:30,425.55,438.45,422.1,437.05,1870621
206,2018-09-17 00:00:00+05:30,412.95,425.3,409.25,425,2753776
207,2018-09-18 00:00:00+05:30,410.65,418.1,409,414.3,1284003
208,2018-09-19 00:00:00+05:30,400.1,415,398.85,412,1252296
209,2018-09-21 00:00:00+05:30,388.25,400,372.5,400,2926366
210,2018-09-24 00:00:00+05:30,369.1,390.85,368,390,3357152
211,2018-09-25 00:00:00+05:30,390,396.8,363,368.85,2579384
212,2018-09-26 00:00:00+05:30,403.6,406.05,391,395,2432342
213,2018-09-27 00:00:00+05:30,404.05,413,398,405.75,1375955
214,2018-09-28 00:00:00+05:30,391.6,414,390.1,413.95,937746
215,2018-10-01 00:00:00+05:30,388.35,394.2,379,393.6,1561320
216,2018-10-03 00:00:00+05:30,379.65,392,378.1,386.4,994487
217,2018-10-04 00:00:00+05:30,372.3,380,365.45,375.8,1262589
218,2018-10-05 00:00:00+05:30,366.9,377,365.1,370,652992
219,2018-10-08 00:00:00+05:30,369.15,372.8,363,367.5,937703
220,2018-10-09 00:00:00+05:30,361.35,374.65,357,371.5,1037612
221,2018-10-10 00:00:00+05:30,369.75,373.5,361.05,363.1,1199754
222,2018-10-11 00:00:00+05:30,365.75,374,355,358,1236817
223,2018-10-12 00:00:00+05:30,373.25,379.7,368.5,369,1014252
224,2018-10-15 00:00:00+05:30,368.85,377.75,366.9,377,799151
225,2018-10-16 00:00:00+05:30,376.25,384.95,369,371.25,1559187
226,2018-10-17 00:00:00+05:30,371.4,382.35,369,380.75,837452
227,2018-10-19 00:00:00+05:30,369.7,375,366.25,369,711888
228,2018-10-22 00:00:00+05:30,365.7,374,364.6,374,503122
229,2018-10-23 00:00:00+05:30,359.95,369.8,359,365,838685
230,2018-10-24 00:00:00+05:30,364.75,369,360.5,369,2217572
231,2018-10-25 00:00:00+05:30,359.85,363.75,358,362.8,527295
232,2018-10-26 00:00:00+05:30,359.8,363.5,355.05,359.95,1787348
233,2018-10-29 00:00:00+05:30,366.2,378.7,359.1,362.95,1755867
234,2018-10-30 00:00:00+05:30,369.8,371.95,366.4,367,451965
235,2018-10-31 00:00:00+05:30,372.3,374.8,365.1,370.65,386859
236,2018-11-01 00:00:00+05:30,372.5,384.4,371.05,377.5,1073936
237,2018-11-02 00:00:00+05:30,386.6,387.9,371.75,374.7,2557300
238,2018-11-05 00:00:00+05:30,399.15,405.45,381.3,387.9,2065266
239,2018-11-06 00:00:00+05:30,397.65,408,392.35,400,1231518
240,2018-11-07 00:00:00+05:30,403.6,406,397.35,400,279874
241,2018-11-09 00:00:00+05:30,401.35,405.95,397,402,1078490
242,2018-11-12 00:00:00+05:30,397.75,402.45,395.1,402.4,783559
243,2018-11-13 00:00:00+05:30,398.55,400.9,392,396.95,637189
244,2018-11-14 00:00:00+05:30,401.45,407.3,397.05,400.95,1334156
245,2018-11-15 00:00:00+05:30,397.8,402.7,395.15,402.7,570933
246,2018-11-16 00:00:00+05:30,393.4,399.6,391.7,397,941682
247,2018-11-19 00:00:00+05:30,384,392.95,380.25,392,1640501
248,2018-11-20 00:00:00+05:30,387.05,388.7,380.05,382,1285180
249,2018-11-21 00:00:00+05:30,390.2,393.8,382.25,387,1527245
250,2018-11-22 00:00:00+05:30,393.3,395,386.1,391.35,1025212
251,2018-11-26 00:00:00+05:30,396.15,397,388.7,396,1765005
252,2018-11-27 00:00:00+05:30,392.95,396.8,390,395.95,496422
253,2018-11-28 00:00:00+05:30,394.75,396,390.95,393.95,1584598
254,2018-11-29 00:00:00+05:30,392.7,396.65,392,395.1,566084
255,2018-11-30 00:00:00+05:30,396.7,400,392.55,393.3,606060
256,2018-12-03 00:00:00+05:30,398.65,400.15,392.8,396.95,828428
257,2018-12-04 00:00:00+05:30,398.7,400,392.55,397.1,770066
258,2018-12-05 00:00:00+05:30,396.6,398.65,392.5,394,1331974
259,2018-12-06 00:00:00+05:30,396.45,400.45,391.1,394.65,697313
260,2018-12-07 00:00:00+05:30,392.55,399,391,396,643910
261,2018-12-10 00:00:00+05:30,385.3,388.75,383.45,388,596400
262,2018-12-11 00:00:00+05:30,384.75,388.95,379.95,380,429483
263,2018-12-12 00:00:00+05:30,393.3,396.65,384.8,384.8,667544
264,2018-12-13 00:00:00+05:30,387.2,396.7,386,395,654908
265,2018-12-14 00:00:00+05:30,394.1,395,386.3,389,564640
266,2018-12-17 00:00:00+05:30,393.2,396.55,390.55,396.55,288405
267,2018-12-18 00:00:00+05:30,392.5,394.4,390.55,392.05,726131
268,2018-12-19 00:00:00+05:30,387.55,394.4,387,394.4,641305
269,2018-12-20 00:00:00+05:30,387.2,390.55,385.7,386.8,862497
270,2018-12-21 00:00:00+05:30,385.2,388,381.2,388,1139523
271,2018-12-24 00:00:00+05:30,385.1,387.7,383.25,385,1142259
272,2018-12-26 00:00:00+05:30,384.8,386.05,379.55,383,1277067
273,2018-12-27 00:00:00+05:30,390.6,394.5,385.6,386.7,862693
274,2018-12-28 00:00:00+05:30,387.35,393.4,384.5,391.4,935219
275,2018-12-31 00:00:00+05:30,387.15,389.4,385.6,388,380439
276,2019-01-01 00:00:00+05:30,386.4,388.9,385.1,387.8,244225
277,2019-01-02 00:00:00+05:30,391.15,392.5,385.1,385.95,401487
278,2019-01-03 00:00:00+05:30,391.3,395.5,389.5,392.65,391423
279,2019-01-04 00:00:00+05:30,393.5,394.95,387.75,392,484014
280,2019-01-07 00:00:00+05:30,393.05,395.4,390.1,394.5,346567
281,2019-01-08 00:00:00+05:30,394.7,396,389.2,392.9,391569
282,2019-01-09 00:00:00+05:30,396,398.45,391.5,392.7,815426
283,2019-01-10 00:00:00+05:30,406.7,409.35,395.05,396.65,1539299
284,2019-01-11 00:00:00+05:30,406.6,409.4,404,408.6,644793
285,2019-01-14 00:00:00+05:30,392.05,405.05,390.25,405.05,976187
286,2019-01-15 00:00:00+05:30,387.5,393.7,385.1,392.1,668054
287,2019-01-16 00:00:00+05:30,387.5,389.9,385.45,386.4,962874
288,2019-01-17 00:00:00+05:30,390.85,392.5,384.1,387.5,962821
289,2019-01-18 00:00:00+05:30,383.7,392.45,383,391,435544
290,2019-01-21 00:00:00+05:30,383.85,386.2,382,383.9,900424
291,2019-01-22 00:00:00+05:30,383.85,389.5,381.1,384.9,1365759
292,2019-01-23 00:00:00+05:30,373.35,389.5,371.25,385,1355788
293,2019-01-24 00:00:00+05:30,361.2,374.4,360.1,371.2,1229942
294,2019-01-25 00:00:00+05:30,359.4,368.75,357,363.95,1351651
295,2019-01-28 00:00:00+05:30,367.3,369.5,344.4,361,1405014
296,2019-01-29 00:00:00+05:30,360.3,366.5,357.7,366.45,793151
297,2019-01-30 00:00:00+05:30,370.4,372,358,362.3,943004
298,2019-01-31 00:00:00+05:30,371.6,374.5,363,373,892055
299,2019-02-01 00:00:00+05:30,375.45,377.15,368,372.85,854153
300,2019-02-04 00:00:00+05:30,376.2,377.95,370.6,372.55,572950
301,2019-02-05 00:00:00+05:30,376.25,377.3,370.6,375,387625
302,2019-02-06 00:00:00+05:30,369.6,377,367.7,376.25,489165
303,2019-02-07 00:00:00+05:30,368.4,372,367.1,370,974999
304,2019-02-08 00:00:00+05:30,365.05,372.8,363.55,368.3,308347
305,2019-02-11 00:00:00+05:30,356.6,366.35,351.25,365.8,693813
306,2019-02-12 00:00:00+05:30,353.35,360.3,351.35,355.3,495884
307,2019-02-13 00:00:00+05:30,359.25,361,354.6,355.5,345410
308,2019-02-14 00:00:00+05:30,359.5,361.7,353.55,358,922903
309,2019-02-15 00:00:00+05:30,358.5,361.95,354,356,645076
310,2019-02-18 00:00:00+05:30,350.6,362.8,349,359.45,433200
311,2019-02-19 00:00:00+05:30,346.8,354,346.05,351.7,345475
312,2019-02-20 00:00:00+05:30,346.3,349.75,345.75,348.6,480124
313,2019-02-21 00:00:00+05:30,356.85,357.7,346.25,347.4,546373
314,2019-02-22 00:00:00+05:30,362.5,364,356.15,358.35,487266
315,2019-02-25 00:00:00+05:30,354.6,364.9,354,362.95,480503
316,2019-02-26 00:00:00+05:30,353.7,355.75,346.35,351,619615
317,2019-02-27 00:00:00+05:30,350.05,357.5,348.05,355.3,429691
318,2019-02-28 00:00:00+05:30,352.25,356.25,348.15,351.85,1177853
319,2019-03-01 00:00:00+05:30,362.95,364,351.8,351.8,1162447
320,2019-03-05 00:00:00+05:30,376.3,379,360.1,360.1,1316987
321,2019-03-06 00:00:00+05:30,390.05,391.9,376.05,379.8,1444943
322,2019-03-07 00:00:00+05:30,391.1,394,384.3,390.6,912620
323,2019-03-08 00:00:00+05:30,391.7,393.9,385,389.1,408930
324,2019-03-11 00:00:00+05:30,390.5,392,385.3,391,1312055
325,2019-03-12 00:00:00+05:30,371.55,376.85,367.55,367.55,16596749
326,2019-03-13 00:00:00+05:30,366.15,370.85,365.3,367.5,21171413
327,2019-03-14 00:00:00+05:30,366.6,369.5,366.05,369.5,5356136
328,2019-03-15 00:00:00+05:30,370.1,372.25,366.25,367,7977181
329,2019-03-18 00:00:00+05:30,367.45,374.3,366.15,372,2776286
330,2019-03-19 00:00:00+05:30,364.15,368.85,362.5,368,3010431
331,2019-03-20 00:00:00+05:30,363.95,366.6,362.3,364,1211115
332,2019-03-22 00:00:00+05:30,363.05,367.45,361.55,364.3,1646283
333,2019-03-25 00:00:00+05:30,359.25,362.5,355.4,360.9,2130928
334,2019-03-26 00:00:00+05:30,369.55,370.25,361.05,362.2,4061590
335,2019-03-27 00:00:00+05:30,371.7,375.75,370.05,370.05,3879051
336,2019-03-28 00:00:00+05:30,371.55,373.2,368.1,371.95,1740501
337,2019-03-29 00:00:00+05:30,378.5,384.25,369.3,372.75,4830957
338,2019-04-01 00:00:00+05:30,383.85,387.5,377.15,378.2,2756796
339,2019-04-02 00:00:00+05:30,380.25,384.5,379.1,384.45,1180504
340,2019-04-03 00:00:00+05:30,384.65,391.85,379.15,380.6,3425894
341,2019-04-04 00:00:00+05:30,378.3,385.95,377.5,385.15,1219612
342,2019-04-05 00:00:00+05:30,386.2,388.45,380,380,1680426
343,2019-04-08 00:00:00+05:30,385.4,390,381.65,387.9,1769899
344,2019-04-09 00:00:00+05:30,381.75,386.35,378.6,386,1529577
345,2019-04-10 00:00:00+05:30,377.05,384.8,375.7,381.75,1968507
346,2019-04-11 00:00:00+05:30,394.1,397.45,373.6,378.65,5562186
347,2019-04-12 00:00:00+05:30,405.35,407,395.2,396.05,4538289
348,2019-04-15 00:00:00+05:30,405.45,408,400.4,407.4,1802086
349,2019-04-16 00:00:00+05:30,408.55,412.65,403.75,407.1,2172703
350,2019-04-18 00:00:00+05:30,406.35,413.7,395.9,409.35,2288968
351,2019-04-22 00:00:00+05:30,397.25,406.9,396.1,405,836332
352,2019-04-23 00:00:00+05:30,397.8,403,396.85,399.1,1102870
353,2019-04-24 00:00:00+05:30,400,400.9,397.3,397.6,1039080
354,2019-04-25 00:00:00+05:30,399.1,402,396.4,400.8,926294
355,2019-04-26 00:00:00+05:30,399.65,405.8,393.2,399.1,3066741
356,2019-04-30 00:00:00+05:30,404.55,406.4,395,400,2753067
357,2019-05-02 00:00:00+05:30,417.2,418,405.1,405.45,3487135
358,2019-05-03 00:00:00+05:30,414.25,419.8,401.1,402,10118251
359,2019-05-06 00:00:00+05:30,411.1,413,408,411.6,5075321
360,2019-05-07 00:00:00+05:30,409.25,412.8,406.05,412,2589598
361,2019-05-08 00:00:00+05:30,410.25,413.4,406.1,407.7,3893612
362,2019-05-09 00:00:00+05:30,409.55,411.8,407,411,3527797
363,2019-05-10 00:00:00+05:30,410.05,411.95,408.95,410.4,2393114
364,2019-05-13 00:00:00+05:30,402.65,409.95,395.25,409.95,3435597
365,2019-05-14 00:00:00+05:30,391.05,396.7,386.85,396.7,6988271
366,2019-05-15 00:00:00+05:30,388.3,394.8,387.45,390.55,1668299
367,2019-05-16 00:00:00+05:30,379.9,389.5,377.4,387.95,2766863
368,2019-05-17 00:00:00+05:30,382.55,384,374.25,379.75,2239697
369,2019-05-20 00:00:00+05:30,397.05,399,391,394,3901916
370,2019-05-21 00:00:00+05:30,403.2,404,396.05,400,2174571
371,2019-05-22 00:00:00+05:30,398.1,406,396.3,404,1088291
372,2019-05-23 00:00:00+05:30,406.3,411.75,400,405,3772524
373,2019-05-24 00:00:00+05:30,407.95,410,399.9,408,1994086
374,2019-05-27 00:00:00+05:30,422.6,423.95,406.6,409,4152835
375,2019-05-28 00:00:00+05:30,424.95,426,415.1,424,1929443
376,2019-05-29 00:00:00+05:30,425.65,426.9,416.45,425,2095188
377,2019-05-30 00:00:00+05:30,435.6,437,423.4,425,2306375
378,2019-05-31 00:00:00+05:30,441.65,445,436.05,437,2807954
379,2019-06-03 00:00:00+05:30,444,452,441,442,3134716
380,2019-06-04 00:00:00+05:30,442.7,445,435.3,442.5,1252624
381,2019-06-06 00:00:00+05:30,442.25,451.8,440,441.15,1596991
382,2019-06-07 00:00:00+05:30,451.4,453,434.75,444.95,1902550
383,2019-06-10 00:00:00+05:30,450.15,454,442.25,453,1453151
384,2019-06-11 00:00:00+05:30,445.3,450.15,444.5,450,895285
385,2019-06-12 00:00:00+05:30,440.95,449.4,440.1,446,641601
386,2019-06-13 00:00:00+05:30,452,453.65,440.5,444.8,1796357
387,2019-06-14 00:00:00+05:30,448.15,459.9,445.15,454.7,1478647
388,2019-06-17 00:00:00+05:30,443.35,450.95,440.1,449.5,985932
389,2019-06-18 00:00:00+05:30,441.7,445.15,440.05,443.35,913332
390,2019-06-19 00:00:00+05:30,437.15,445.2,436.1,443,959725
391,2019-06-20 00:00:00+05:30,440.45,442,429.45,436.05,881140
392,2019-06-21 00:00:00+05:30,438.15,443.9,436.15,438.1,978609
393,2019-06-24 00:00:00+05:30,440.1,442.25,435.6,438.55,479020
394,2019-06-25 00:00:00+05:30,437.5,442.2,436,440.1,1034858
395,2019-06-26 00:00:00+05:30,441.75,446.35,437,438,2378103
396,2019-06-27 00:00:00+05:30,455.15,456.85,439.05,443.9,2356422
397,2019-06-28 00:00:00+05:30,464.05,470.65,456.35,457.95,4027131
398,2019-07-01 00:00:00+05:30,469.5,478.75,467.25,471,2471465
399,2019-07-02 00:00:00+05:30,469.8,477,468.6,469,1540850
400,2019-07-03 00:00:00+05:30,479.25,484.95,470.2,471.9,2400197
401,2019-07-04 00:00:00+05:30,489.1,491.5,479.7,481.5,2192930
402,2019-07-05 00:00:00+05:30,473.75,494.9,469.2,491.2,2788311
403,2019-07-08 00:00:00+05:30,462.75,468.2,447.65,463.7,2834536
404,2019-07-09 00:00:00+05:30,455.75,465.6,453.1,465.4,2053510
405,2019-07-10 00:00:00+05:30,455.75,460,454.1,458,790156
406,2019-07-11 00:00:00+05:30,467.8,470.9,452.75,459.75,1728011
407,2019-07-12 00:00:00+05:30,481.75,485,469.1,471,2266998
408,2019-07-15 00:00:00+05:30,491.1,494.5,482.1,482.15,2167991
409,2019-07-16 00:00:00+05:30,491.05,498.45,481.7,493.4,2191685
410,2019-07-17 00:00:00+05:30,497.15,503.8,486.6,492.3,2760727
411,2019-07-18 00:00:00+05:30,503.55,510.5,497.5,498.8,3115748
412,2019-07-19 00:00:00+05:30,487.6,509.45,485,506,2396384
413,2019-07-22 00:00:00+05:30,490.65,497.8,479.05,485.85,2024584
414,2019-07-23 00:00:00+05:30,508.55,511.55,481.4,491,10256139
415,2019-07-24 00:00:00+05:30,499.55,533,497,511.9,7088915
416,2019-07-25 00:00:00+05:30,501.2,510.7,498.2,498.85,2630537
417,2019-07-26 00:00:00+05:30,499.1,508,495.1,504.7,1706982
418,2019-07-29 00:00:00+05:30,485.35,502.7,478.4,499.8,2481978
419,2019-07-30 00:00:00+05:30,483.1,491.8,475.1,487.1,2274640
420,2019-07-31 00:00:00+05:30,493.5,495.5,477.25,481.2,1798489
421,2019-08-01 00:00:00+05:30,487.95,502,481.1,493,2626100
422,2019-08-02 00:00:00+05:30,494.35,498.35,480.4,488.95,2215370
423,2019-08-05 00:00:00+05:30,487.15,494.5,483.3,491.5,2996132
424,2019-08-06 00:00:00+05:30,512.1,518,485.05,485.05,5029677
425,2019-08-07 00:00:00+05:30,518.1,524.8,511.1,517,4417521
426,2019-08-08 00:00:00+05:30,522.9,545.55,516.3,541.4,10168512
427,2019-08-09 00:00:00+05:30,526.75,535.4,524.3,524.3,2861762
428,2019-08-13 00:00:00+05:30,519.35,537,516,529.7,3543626
429,2019-08-14 00:00:00+05:30,517,540.55,481.25,487.5,31957442
430,2019-08-16 00:00:00+05:30,540.15,543,513.6,515,11397991
431,2019-08-19 00:00:00+05:30,524.55,560,520,545.7,13762429
432,2019-08-20 00:00:00+05:30,527.9,532.9,516.6,526,10083216
433,2019-08-21 00:00:00+05:30,530.7,539,525.1,530,6505412
434,2019-08-22 00:00:00+05:30,528.45,538.35,525.4,533.95,5344682
435,2019-08-23 00:00:00+05:30,517.2,531.8,512.75,530,4611285
436,2019-08-26 00:00:00+05:30,526.4,536.8,517.1,529.75,4813908
437,2019-08-27 00:00:00+05:30,555.2,569.75,534,535,94765364
438,2019-08-28 00:00:00+05:30,547.7,557.4,538.1,556.9,7523593
439,2019-08-29 00:00:00+05:30,541.7,549.75,540,544.25,2790568
440,2019-08-30 00:00:00+05:30,557.15,559.4,542,542,4299020
441,2019-09-03 00:00:00+05:30,536.75,556.95,535,551.4,4903625
442,2019-09-04 00:00:00+05:30,535.65,542.8,528.6,539,2330167
443,2019-09-05 00:00:00+05:30,528.5,547.4,527,538.8,3656775
444,2019-09-06 00:00:00+05:30,529.9,536,528,531.9,1641066
445,2019-09-09 00:00:00+05:30,530.9,539.75,529.3,534,3086676
446,2019-09-11 00:00:00+05:30,537.9,540.5,533,533.7,2505388
447,2019-09-12 00:00:00+05:30,537.85,545.9,536.2,539.95,1990091
448,2019-09-13 00:00:00+05:30,540.4,543,532.85,538.7,1414823
449,2019-09-16 00:00:00+05:30,537.65,540,533.55,537,1320333
450,2019-09-17 00:00:00+05:30,530.7,538.6,524.1,538.6,1952479
451,2019-09-18 00:00:00+05:30,539.1,540,533,533.85,1460223
452,2019-09-19 00:00:00+05:30,532.45,540.7,529.1,540.7,1092159
453,2019-09-20 00:00:00+05:30,563.85,567,536,536,8964556
454,2019-09-23 00:00:00+05:30,540.75,566.7,540,564,5216335
455,2019-09-24 00:00:00+05:30,551.05,554.95,540.15,541.1,2548423
456,2019-09-25 00:00:00+05:30,557.85,562.7,550.1,551.8,3790845
457,2019-09-26 00:00:00+05:30,569.3,577,556.4,556.9,4460160
458,2019-09-27 00:00:00+05:30,582.3,585.6,567.1,567.1,3937172
459,2019-09-30 00:00:00+05:30,601.15,609,585,585,5522478
460,2019-10-01 00:00:00+05:30,598.2,608,590.35,604.2,3176809
461,2019-10-03 00:00:00+05:30,592.9,597.85,575.5,596.3,3634620
462,2019-10-04 00:00:00+05:30,584.45,594.7,582.05,593.25,2889488
463,2019-10-07 00:00:00+05:30,575.45,584.5,572.05,584.5,3237005
464,2019-10-09 00:00:00+05:30,580.5,586.75,573.7,575.2,1579192
465,2019-10-10 00:00:00+05:30,583.8,589,575,577.5,1556208
466,2019-10-11 00:00:00+05:30,590.65,599.7,584,585,4147792
467,2019-10-14 00:00:00+05:30,582.3,589.7,580,586,1659110
468,2019-10-15 00:00:00+05:30,592.75,595.85,580.6,581,1429097
469,2019-10-16 00:00:00+05:30,610.6,615.85,594,594.8,3769552
470,2019-10-17 00:00:00+05:30,615.15,622,610,612.95,2893199
471,2019-10-18 00:00:00+05:30,608.45,616.5,607,615.7,1922910
472,2019-10-22 00:00:00+05:30,611.3,624.25,605.5,609.95,2673829
473,2019-10-23 00:00:00+05:30,607.85,625.9,601,614.8,5606504
474,2019-10-24 00:00:00+05:30,615.35,618.9,607.6,609.9,2865137
475,2019-10-25 00:00:00+05:30,610.5,619.8,608.1,617.4,1982250
476,2019-10-27 00:00:00+05:30,619.65,622,612.35,614.9,890503
477,2019-10-29 00:00:00+05:30,610.75,621,609.1,620.85,2288088
478,2019-10-30 00:00:00+05:30,632.45,643.65,581.1,581.2,27156751
479,2019-10-31 00:00:00+05:30,626.2,646.4,622,636.9,4487728
480,2019-11-01 00:00:00+05:30,612.7,636,608.1,626,4002384
481,2019-11-04 00:00:00+05:30,593.3,615.7,588.4,612.5,12053809
482,2019-11-05 00:00:00+05:30,583.65,602,580.15,596,6170402
483,2019-11-06 00:00:00+05:30,584.95,590.9,580.1,584,3840924
484,2019-11-07 00:00:00+05:30,580.15,588.75,576.15,587.9,3217588
485,2019-11-08 00:00:00+05:30,567.9,585.2,566.5,580,3630548
486,2019-11-11 00:00:00+05:30,571,584,565,569.95,3419720
487,2019-11-13 00:00:00+05:30,589.15,593,572,572,6532837
488,2019-11-14 00:00:00+05:30,586.35,594.9,581.5,592.5,2663642
489,2019-11-15 00:00:00+05:30,577.5,588.35,576.1,588.35,1959586
490,2019-11-18 00:00:00+05:30,570.45,574.95,567.5,574.95,3112232
491,2019-11-19 00:00:00+05:30,570.7,577.5,565.6,571,3791275
492,2019-11-20 00:00:00+05:30,574.7,579.5,568.5,572,3822519
493,2019-11-21 00:00:00+05:30,589.25,592.35,573,576.4,3752775
494,2019-11-22 00:00:00+05:30,586.4,593.9,581.25,591.8,2275245
495,2019-11-25 00:00:00+05:30,597.8,599.85,585,585.85,3802000
496,2019-11-26 00:00:00+05:30,597.6,607.75,592,600,5918113
497,2019-11-27 00:00:00+05:30,584.95,599.4,582.75,598.1,2154255
498,2019-11-28 00:00:00+05:30,576.2,588.65,575,588,2761394
499,2019-11-29 00:00:00+05:30,571.5,583,570.2,577.5,2142174
500,2019-12-02 00:00:00+05:30,569.4,578.85,566,570,2550584
501,2019-12-03 00:00:00+05:30,584.75,586.45,571.5,572.6,4622846
502,2019-12-04 00:00:00+05:30,583.65,588,577.1,584.9,2198714
503,2019-12-05 00:00:00+05:30,575.9,585.7,575,585.45,1929160
504,2019-12-06 00:00:00+05:30,575,579.2,571.25,577.75,2127676
505,2019-12-09 00:00:00+05:30,572.5,576.75,570.1,576.7,1591039
506,2019-12-10 00:00:00+05:30,570.5,586.5,569.05,577.15,4061646
507,2019-12-11 00:00:00+05:30,572.5,575,565.5,573.4,2289830
508,2019-12-12 00:00:00+05:30,582.9,585.65,571.05,576.75,2941825
509,2019-12-13 00:00:00+05:30,588.9,595.1,585.7,585.7,2095278
510,2019-12-16 00:00:00+05:30,592.1,594.9,586.6,588.5,1408707
511,2019-12-17 00:00:00+05:30,595.6,600,586.2,595.15,1636039
512,2019-12-18 00:00:00+05:30,601.5,604.8,588.2,599,3092926
513,2019-12-19 00:00:00+05:30,605.25,609.25,598.5,602,2743666
514,2019-12-20 00:00:00+05:30,612.7,616,603,606,3239394
515,2019-12-23 00:00:00+05:30,616.15,621,609,615.1,2325450
516,2019-12-24 00:00:00+05:30,625.3,627.6,613.4,618.1,2938173
517,2019-12-26 00:00:00+05:30,635.6,639,623.1,627.9,3006668
518,2019-12-27 00:00:00+05:30,631.4,639,628.55,639,2494965
519,2019-12-30 00:00:00+05:30,636.15,638.75,629,632.7,1799682
520,2019-12-31 00:00:00+05:30,626.05,646,620.75,637.9,2217822
521,2020-01-01 00:00:00+05:30,621.45,626,616.35,623,1749377
522,2020-01-02 00:00:00+05:30,634.25,638.8,618.4,622.7,1973981
523,2020-01-03 00:00:00+05:30,630.7,637.45,626.4,631,2401828
524,2020-01-06 00:00:00+05:30,619.55,627.4,611.5,627.4,4175516
525,2020-01-07 00:00:00+05:30,629.95,643.7,623.6,623.6,2827658
526,2020-01-08 00:00:00+05:30,628.85,631.8,618.5,622,2248332
527,2020-01-09 00:00:00+05:30,631.5,636.5,627.8,635,1338705
528,2020-01-10 00:00:00+05:30,623.1,634,618.75,632.4,2181852
529,2020-01-13 00:00:00+05:30,625.4,633.05,623.6,627.9,1161466
530,2020-01-14 00:00:00+05:30,614.25,627,612.75,626.5,2109229
531,2020-01-15 00:00:00+05:30,616.55,620.5,612.75,614,1621297
532,2020-01-16 00:00:00+05:30,607.5,625,605.8,624,3196222
533,2020-01-17 00:00:00+05:30,607.65,611.55,601.7,607.5,2313300
534,2020-01-20 00:00:00+05:30,598.25,612.45,597.1,611,1870028
535,2020-01-21 00:00:00+05:30,602,609.7,594.15,595.7,1597879
536,2020-01-22 00:00:00+05:30,612.75,616.5,602.65,604.9,2066862
537,2020-01-23 00:00:00+05:30,616,621.9,611.5,614.3,1685313
538,2020-01-24 00:00:00+05:30,607.25,611.25,602.8,607.9,2188192
539,2020-01-27 00:00:00+05:30,599.7,605.7,598.1,604.8,1531808
540,2020-01-28 00:00:00+05:30,603.75,611.9,599,601,1651481
541,2020-01-29 00:00:00+05:30,605.05,611,602.25,605.95,1324538
542,2020-01-30 00:00:00+05:30,600.45,608.55,597.15,605.9,1060111
543,2020-01-31 00:00:00+05:30,599.2,604.45,597.3,603.1,1260667
544,2020-02-01 00:00:00+05:30,562.4,609,537.9,598.2,7823819
545,2020-02-03 00:00:00+05:30,565.3,573,527.5,553,9688974
546,2020-02-04 00:00:00+05:30,573.1,578.45,555.55,568,3116053
547,2020-02-05 00:00:00+05:30,583.45,586.35,565,574.4,2739852
548,2020-02-06 00:00:00+05:30,593.65,598.7,587,587,2299958
549,2020-02-07 00:00:00+05:30,595.7,600,589,593.5,1185529
550,2020-02-10 00:00:00+05:30,588.05,598.9,584.5,596,1366499
551,2020-02-11 00:00:00+05:30,583.5,594.5,575.8,589.75,1545054
552,2020-02-12 00:00:00+05:30,578.35,594.7,563.6,585.6,3303107
553,2020-02-13 00:00:00+05:30,577.2,582.25,568.5,576.5,2107487
554,2020-02-14 00:00:00+05:30,573.95,581.5,572,578.9,2332181
555,2020-02-17 00:00:00+05:30,565.9,575,564.05,574.9,918309
556,2020-02-18 00:00:00+05:30,562.6,565.35,556,564.8,1231246
557,2020-02-19 00:00:00+05:30,579.1,581.85,563,565.9,1752251
558,2020-02-20 00:00:00+05:30,573.5,583.7,572.1,582.1,3708209
559,2020-02-24 00:00:00+05:30,560.8,578.4,556,572.25,1576359
560,2020-02-25 00:00:00+05:30,569.5,582.5,566,570,3582636
561,2020-02-26 00:00:00+05:30,557.05,571.45,555,565.3,2313470
562,2020-02-27 00:00:00+05:30,566.7,569.3,544.25,559,2985262
563,2020-02-28 00:00:00+05:30,544.1,565,541.25,554,4380818
564,2020-03-02 00:00:00+05:30,554.5,564.25,550.95,555,2299648
565,2020-03-03 00:00:00+05:30,563.5,573,559.65,560,2844292
566,2020-03-04 00:00:00+05:30,568.6,570,560.15,567.4,1735962
567,2020-03-05 00:00:00+05:30,564.95,572.8,556.4,572,3821330
568,2020-03-06 00:00:00+05:30,548.15,556.5,535,541,3494853
569,2020-03-09 00:00:00+05:30,517.65,540.3,506.2,538,4577812
570,2020-03-11 00:00:00+05:30,513.55,526,508.05,515,2971154
571,2020-03-12 00:00:00+05:30,472.9,498,453.3,495,4798516
572,2020-03-13 00:00:00+05:30,507.15,525,429.1,435,7973723
573,2020-03-16 00:00:00+05:30,474.2,500.4,471,494,4059856
574,2020-03-17 00:00:00+05:30,464.95,486,460,475,3292007
575,2020-03-18 00:00:00+05:30,419.45,470,410.85,465,4747409
576,2020-03-19 00:00:00+05:30,416.95,432.55,385.35,385.35,8358755
577,2020-03-20 00:00:00+05:30,418.1,442,411.3,425.1,4857481
578,2020-03-23 00:00:00+05:30,342.3,394.4,340,377.5,4439246
579,2020-03-24 00:00:00+05:30,391.3,409,345.85,362,5265165
580,2020-03-25 00:00:00+05:30,434.3,440,385.6,390,6175029
581,2020-03-26 00:00:00+05:30,477.45,487,434,448,6462243
582,2020-03-27 00:00:00+05:30,441,483.8,440,450.2,14440644
583,2020-03-30 00:00:00+05:30,412.5,443.9,407,432,7106593
584,2020-03-31 00:00:00+05:30,441.35,448.2,414.4,429,5414966
585,2020-04-01 00:00:00+05:30,429.9,447.4,424.05,438.1,7415298
586,2020-04-03 00:00:00+05:30,422.3,442,416.2,428.5,6997591
587,2020-04-07 00:00:00+05:30,470.5,476,433.25,436.9,6387620
588,2020-04-08 00:00:00+05:30,476.6,500.55,457.4,464.95,7175340
589,2020-04-09 00:00:00+05:30,472.25,494.4,464.15,488.9,3633341
590,2020-04-13 00:00:00+05:30,477.8,482.75,453.3,473,4143792
591,2020-04-15 00:00:00+05:30,471.7,488.7,468.5,481.7,3951830
592,2020-04-16 00:00:00+05:30,489.7,494.4,462,470,5065365
593,2020-04-17 00:00:00+05:30,495.5,518.95,491.5,505,6525356
594,2020-04-20 00:00:00+05:30,508.3,515.3,496,503.7,4164523
595,2020-04-21 00:00:00+05:30,496.35,502.85,488.9,496,2902454
596,2020-04-22 00:00:00+05:30,503.65,509,490.35,499.5,2103584
597,2020-04-23 00:00:00+05:30,488.5,511.9,486.3,505,2996670
598,2020-04-24 00:00:00+05:30,453.35,478.75,451.15,478.25,4402298
599,2020-04-27 00:00:00+05:30,484.75,491.4,459,459,5612312
600,2020-04-28 00:00:00+05:30,486.15,496.6,471.15,495,5790882
601,2020-04-29 00:00:00+05:30,492.85,505.2,484.75,488,4230744
602,2020-04-30 00:00:00+05:30,501.05,510.7,493.15,500,3751413
603,2020-05-04 00:00:00+05:30,478.95,489,472.1,489,2476319
604,2020-05-05 00:00:00+05:30,477.55,489.9,475.15,483,2499854
605,2020-05-06 00:00:00+05:30,491,499,469.45,478,5449872
606,2020-05-07 00:00:00+05:30,494.55,502,488.9,489.7,2443553
607,2020-05-08 00:00:00+05:30,520.05,527.35,499,499.7,9180047
608,2020-05-11 00:00:00+05:30,525.2,539,522.5,529.75,5446596
609,2020-05-12 00:00:00+05:30,526.8,536.6,517.3,521.45,3693398
610,2020-05-13 00:00:00+05:30,516.75,538,515,533,3652083
611,2020-05-14 00:00:00+05:30,495,523,491.4,515,4151393
612,2020-05-15 00:00:00+05:30,487.3,501,485,499.1,3513979
613,2020-05-18 00:00:00+05:30,469.35,490.9,464,487.3,4108281
614,2020-05-19 00:00:00+05:30,471.75,485.95,465.25,475,5129797
615,2020-05-20 00:00:00+05:30,479.25,482.75,472.5,474.15,3112805
616,2020-05-21 00:00:00+05:30,493.8,496.55,480,480,4216424
617,2020-05-22 00:00:00+05:30,494.75,504.7,490.3,493,4602359
618,2020-05-26 00:00:00+05:30,507.45,514.9,497,502,4215640
619,2020-05-27 00:00:00+05:30,503.3,510,495.25,506.8,1859761
620,2020-05-28 00:00:00+05:30,516.8,523.3,501.45,506,3346532
621,2020-05-29 00:00:00+05:30,523.2,540.8,511.75,516.4,27247264
622,2020-06-01 00:00:00+05:30,516.1,528.65,513.35,521,3151566
623,2020-06-02 00:00:00+05:30,499.7,522.25,497,516,5912196
624,2020-06-03 00:00:00+05:30,501.35,519.75,494.45,502.1,13733176
625,2020-06-04 00:00:00+05:30,517.6,524.95,512.3,521.15,11740028
626,2020-06-05 00:00:00+05:30,516.25,521.25,511.7,517.6,3558356
627,2020-06-08 00:00:00+05:30,522.05,529.8,516.25,520,8430264
628,2020-06-09 00:00:00+05:30,506.85,531,501.5,525,9173487
629,2020-06-10 00:00:00+05:30,501.7,507.95,499,507.45,3359218
630,2020-06-11 00:00:00+05:30,501.65,509.5,497,500,2483043
631,2020-06-12 00:00:00+05:30,502.3,504.15,486.25,488,8115192
632,2020-06-15 00:00:00+05:30,499.9,507.9,495.3,507.9,3620145
633,2020-06-16 00:00:00+05:30,505.7,510.7,497,505,3579474
634,2020-06-17 00:00:00+05:30,500.4,508.7,498.55,506,1857859
635,2020-06-18 00:00:00+05:30,515.95,517.9,498.65,500,4084145
636,2020-06-19 00:00:00+05:30,521.1,524,514.35,517.95,4569791
637,2020-06-22 00:00:00+05:30,520.4,525.8,514.55,524.95,2767223
638,2020-06-23 00:00:00+05:30,537.05,544.6,520.4,524.25,5813524
639,2020-06-24 00:00:00+05:30,527.25,545.6,523.7,542.7,3765294
640,2020-06-25 00:00:00+05:30,538.4,539.75,519,520,2654401
641,2020-06-26 00:00:00+05:30,541.9,547.45,535,541.4,2586687
642,2020-06-29 00:00:00+05:30,537.2,544.6,532.65,543.5,1691390
643,2020-06-30 00:00:00+05:30,549,554.45,537,540.5,3360063
644,2020-07-01 00:00:00+05:30,549.65,560,546.15,555.55,3419823
645,2020-07-02 00:00:00+05:30,547.95,552.5,545.7,549.5,1638118
646,2020-07-03 00:00:00+05:30,572.15,589.6,558,564.95,15663762
647,2020-07-06 00:00:00+05:30,584.7,591.85,576.4,581,4862826
648,2020-07-07 00:00:00+05:30,582.6,591,572.1,589.7,3849690
649,2020-07-08 00:00:00+05:30,581.95,596.9,578,581.5,4280870
650,2020-07-09 00:00:00+05:30,585.2,589.9,582.95,584.1,2441545
651,2020-07-10 00:00:00+05:30,592.5,600,585.25,586,3207170
652,2020-07-13 00:00:00+05:30,600.3,603.75,584,593.95,2854269
653,2020-08-03 00:00:00+05:30,603,624,600.5,624,3634590
654,2020-08-04 00:00:00+05:30,614.15,615.9,600.95,605.2,2248864
655,2020-08-05 00:00:00+05:30,605,618.15,603.3,616.45,2052017
656,2020-08-06 00:00:00+05:30,606.9,611.75,602.25,608.4,2596375
657,2020-08-07 00:00:00+05:30,606.95,613.85,605.45,607.9,1723762
658,2020-08-10 00:00:00+05:30,608.85,617.95,607,616,2028858
659,2020-08-11 00:00:00+05:30,608.75,613.9,606.1,609.85,1539726
660,2020-08-12 00:00:00+05:30,608.75,617.7,603.1,609,3419611
661,2020-08-13 00:00:00+05:30,599.75,614,598,610,2164504
662,2020-08-14 00:00:00+05:30,587.75,602.4,585.65,600,3151499
663,2020-08-17 00:00:00+05:30,589.1,594.2,585.95,591.4,1335406
664,2020-08-18 00:00:00+05:30,597.6,600.65,589,590.5,2225080
665,2020-08-19 00:00:00+05:30,603.45,607.95,598.95,600,2345111
666,2020-08-20 00:00:00+05:30,595.05,600,590.1,599,1490688
667,2020-08-21 00:00:00+05:30,598.1,608.9,596.15,599.2,2009373
668,2020-08-24 00:00:00+05:30,598.75,605.45,597.05,599.8,1893436
669,2020-08-25 00:00:00+05:30,599.8,603.6,593,599,1803138
670,2020-08-26 00:00:00+05:30,592.05,603,588.65,603,2950984
671,2020-08-27 00:00:00+05:30,596.05,600,591.15,594.2,2947749
672,2020-08-28 00:00:00+05:30,589.35,603.5,588.15,600,3638732
673,2020-08-31 00:00:00+05:30,574.8,594.75,567.05,594.75,3755093
674,2020-09-01 00:00:00+05:30,579.3,586,570.75,581.5,3407303
675,2020-09-02 00:00:00+05:30,580.85,590,576.8,581.4,2502182
676,2020-09-03 00:00:00+05:30,582.2,589,579.25,583.7,1896035
677,2020-09-04 00:00:00+05:30,574.65,581,569.05,570,2618812
678,2020-09-07 00:00:00+05:30,591.85,594.5,571.15,576.6,3374335
679,2020-09-08 00:00:00+05:30,581.85,595.15,579.5,593.5,1896569
680,2020-09-09 00:00:00+05:30,585.7,593,582.65,588.9,3392130
681,2020-09-10 00:00:00+05:30,601.6,603,587.4,589.6,3792391
682,2020-09-11 00:00:00+05:30,604.8,612.7,601.6,608,4565118
683,2020-09-14 00:00:00+05:30,599.45,610,595.2,610,2269786
684,2020-09-15 00:00:00+05:30,594.2,601.95,591.05,601.95,2371934
685,2020-09-16 00:00:00+05:30,598.6,604.95,592.8,594.5,2164876
686,2020-09-17 00:00:00+05:30,591.85,598.1,588.3,593.1,1532457
687,2020-09-18 00:00:00+05:30,585.1,594.8,583.5,594,2587595
688,2020-09-21 00:00:00+05:30,579.35,589.8,577.25,587,1566236
689,2020-09-22 00:00:00+05:30,579.4,587.5,566.3,576,2359389
690,2020-09-23 00:00:00+05:30,580.25,586.1,575.6,581.25,2210606
691,2020-09-24 00:00:00+05:30,577.65,580.8,572.7,574.8,3044327
692,2020-09-25 00:00:00+05:30,577.5,580.5,571.25,577.3,2059556
693,2020-09-28 00:00:00+05:30,581.2,583.3,577.05,579.2,1591676
694,2020-09-29 00:00:00+05:30,570.8,586.8,563.75,586.8,4161096
695,2020-09-30 00:00:00+05:30,559.4,571.95,555.95,571.8,4906856
696,2020-10-01 00:00:00+05:30,569.2,572,562.25,568,1477382
697,2020-10-05 00:00:00+05:30,574.75,576.95,565.35,572,2490303
698,2020-10-06 00:00:00+05:30,582.05,586.2,575.75,577.5,5665979
699,2020-10-07 00:00:00+05:30,578.95,587.15,575,585,2588117
700,2020-10-08 00:00:00+05:30,583.15,586.5,577.1,586.5,9288183
701,2020-10-09 00:00:00+05:30,573.8,589,568.6,587,4556031
702,2020-10-12 00:00:00+05:30,563.4,577,560.2,576.45,2349606
703,2020-10-13 00:00:00+05:30,566.7,571.95,559.7,564.4,2122839
704,2020-10-14 00:00:00+05:30,572.35,574.8,558,564.9,3958474
705,2020-10-15 00:00:00+05:30,561.5,574,560.05,573,1773035
706,2020-10-16 00:00:00+05:30,561.15,566.25,559.5,562.95,2117294
707,2020-10-19 00:00:00+05:30,570.5,574.3,564.3,565.9,3362350
708,2020-10-20 00:00:00+05:30,571,581,567,574.6,6496853
709,2020-10-21 00:00:00+05:30,562.7,577.45,556,574.5,3458591
710,2020-10-22 00:00:00+05:30,561.1,566.8,558.15,563,2967366
711,2020-10-23 00:00:00+05:30,564.5,580.65,559.65,563,21453700
712,2020-10-26 00:00:00+05:30,578.65,582.65,563.5,566.75,8486269
713,2020-10-27 00:00:00+05:30,587.3,591.5,580,582.9,5959808
714,2020-10-28 00:00:00+05:30,586.15,594.8,583.65,590.75,4062107
715,2020-10-29 00:00:00+05:30,586.1,588,580.35,582,1671983
716,2020-10-30 00:00:00+05:30,589.75,598.2,584,590,3789450
717,2020-11-02 00:00:00+05:30,587.5,594.5,585.6,590.8,2206055
718,2020-11-03 00:00:00+05:30,599.05,601.6,590,590.4,3646651
719,2020-11-04 00:00:00+05:30,594.25,603.9,591.1,591.1,1919838
720,2020-11-05 00:00:00+05:30,592.05,602.5,590,600.15,2350192
721,2020-11-06 00:00:00+05:30,590.6,598.6,588.85,593,1990463
722,2020-11-09 00:00:00+05:30,592.85,599,587.75,596,2978907
723,2020-11-10 00:00:00+05:30,609.65,615.1,590.4,595,4801645
724,2020-11-11 00:00:00+05:30,623.45,626.8,614.25,616.95,6526986
725,2020-11-12 00:00:00+05:30,630.4,633.1,618.4,623.85,3555249
726,2020-11-13 00:00:00+05:30,627.5,630.35,617.95,625,5036293
727,2020-11-14 00:00:00+05:30,636.1,639.2,633.7,638,1080124
728,2020-11-17 00:00:00+05:30,670.05,674,635,638.7,9740753
729,2020-11-18 00:00:00+05:30,664.8,676.1,661.2,672.5,3642631
730,2020-11-19 00:00:00+05:30,646.05,670.75,643,661,4212122
731,2020-11-20 00:00:00+05:30,663.9,668.55,647.35,647.35,3045488
732,2020-11-23 00:00:00+05:30,661.3,674.3,655.95,667.2,3011294
733,2020-11-24 00:00:00+05:30,664.15,666.4,651.4,665.5,2108847
734,2020-11-25 00:00:00+05:30,665.1,688.5,661.85,672.45,6798974
735,2020-11-26 00:00:00+05:30,660.8,675.4,658.15,668,3804983
736,2020-11-27 00:00:00+05:30,646.8,664.1,642.15,663.7,9917761
737,2020-12-01 00:00:00+05:30,641.9,656,639.5,653.25,4569057
738,2020-12-02 00:00:00+05:30,636.5,646.9,630.2,644,6126982
739,2020-12-03 00:00:00+05:30,647.95,650.7,625,626.1,26754679
740,2020-12-04 00:00:00+05:30,643.25,654.95,640.1,652,4452423
741,2020-12-07 00:00:00+05:30,649.55,651.4,641.85,645.1,4644396
742,2020-12-08 00:00:00+05:30,651.5,657.7,644,652.55,4409047
743,2020-12-09 00:00:00+05:30,652.6,656.5,645,655.5,4512763
744,2020-12-10 00:00:00+05:30,659.45,661,645.65,656.1,5582666
745,2020-12-11 00:00:00+05:30,664.5,668.35,655.25,663.9,6275768
746,2020-12-14 00:00:00+05:30,655.75,668,653.25,667.45,2696137
747,2020-12-15 00:00:00+05:30,651.45,663.95,644.75,659.9,4819043
748,2020-12-16 00:00:00+05:30,648.7,655.75,647.25,655.4,2540833
749,2020-12-17 00:00:00+05:30,654.55,661.2,650.25,651,4660373
750,2020-12-18 00:00:00+05:30,654.1,656.3,640,656.3,2540821
751,2020-12-21 00:00:00+05:30,629.2,653.15,617.4,646,3004002
752,2020-12-22 00:00:00+05:30,641.25,643.25,620.6,630,3085304
753,2020-12-23 00:00:00+05:30,648.6,649.9,633.75,641.25,2940595
754,2020-12-24 00:00:00+05:30,657.25,663.6,649,651.7,3776278
755,2020-12-28 00:00:00+05:30,678.7,680,657.7,661.85,5624012
756,2020-12-29 00:00:00+05:30,673.2,686.35,670.15,683,4102480
757,2020-12-30 00:00:00+05:30,675.7,679,667,679,2886107
758,2020-12-31 00:00:00+05:30,676.5,679,669.55,676.7,2959814
759,2021-01-01 00:00:00+05:30,678.4,680.8,675,676.5,1264311
760,2021-01-04 00:00:00+05:30,695.85,697.6,680.35,680.35,5031655
761,2021-01-05 00:00:00+05:30,713.75,715,690.25,691.1,6955494
762,2021-01-06 00:00:00+05:30,719.05,720.5,705.4,713,3582162
763,2021-01-07 00:00:00+05:30,704.3,723.8,702.5,720,3284785
764,2021-01-08 00:00:00+05:30,717,721.95,708.1,715.4,2841346
765,2021-01-11 00:00:00+05:30,725.1,731,715.7,720.9,3216546
766,2021-01-12 00:00:00+05:30,718.4,727,714.2,727,1607350
767,2021-01-13 00:00:00+05:30,713.25,724.7,708.55,718.45,2639680
768,2021-01-14 00:00:00+05:30,706.9,718.55,702.55,713,1995368
769,2021-01-15 00:00:00+05:30,704.85,717,702.2,708.4,2417123
770,2021-01-18 00:00:00+05:30,693.95,709.3,689,703,2381523
771,2021-01-19 00:00:00+05:30,698.55,701.55,693.7,695,2016585
772,2021-01-20 00:00:00+05:30,702.95,711.85,700,700,2495461
773,2021-01-21 00:00:00+05:30,700.5,711.9,699,710,2254977
774,2021-01-22 00:00:00+05:30,687.4,708.8,684.1,702.7,2644349
775,2021-01-25 00:00:00+05:30,680.4,699.5,665.65,695,3532317
776,2021-01-27 00:00:00+05:30,682.85,695,673.05,685,3629780
777,2021-01-28 00:00:00+05:30,671.8,683.05,670.1,679.5,1964058
778,2021-01-29 00:00:00+05:30,677.95,684.95,668.15,673.65,4598451
779,2021-02-01 00:00:00+05:30,699.05,713.3,668.5,678.3,8383807
780,2021-02-02 00:00:00+05:30,681.05,712,674.5,710.5,6702065
781,2021-02-03 00:00:00+05:30,689.2,695,679,685,2902411
782,2021-02-04 00:00:00+05:30,680.4,690.65,678.15,685.25,3379697
783,2021-02-05 00:00:00+05:30,681.55,684.95,672.4,682.6,2759333
784,2021-02-08 00:00:00+05:30,684.05,691.4,677.25,685.85,3887493
785,2021-02-09 00:00:00+05:30,704.9,710.2,687.95,688.7,7331068
786,2021-02-10 00:00:00+05:30,719.05,723.9,710,710.05,8514545
787,2021-02-11 00:00:00+05:30,714.2,726.45,710.3,721,3044979
788,2021-02-12 00:00:00+05:30,710.95,720,708.25,713.95,1760221
789,2021-02-15 00:00:00+05:30,695.25,717.35,694.2,713.5,3871100
790,2021-02-16 00:00:00+05:30,695.35,704,686.95,696.4,3066134
791,2021-02-17 00:00:00+05:30,703.1,711.5,693,696,3533494
792,2021-02-18 00:00:00+05:30,713.45,715.95,702,703.5,2949918
793,2021-02-19 00:00:00+05:30,710.65,723.45,703.1,715.3,3787638
794,2021-02-22 00:00:00+05:30,690.6,713.65,688.05,711,3110151
795,2021-02-23 00:00:00+05:30,705.7,712.85,690.15,693.5,4693570
796,2021-02-24 00:00:00+05:30,718.8,721.5,697,712.05,2362499
797,2021-02-25 00:00:00+05:30,733.5,744,721,724,5635556
798,2021-02-26 00:00:00+05:30,700.65,730.9,693.95,725.95,13122512
799,2021-03-01 00:00:00+05:30,705.25,713.5,700.15,711.3,2210665
800,2021-03-02 00:00:00+05:30,720.8,727.8,706.25,714.95,2446910
801,2021-03-03 00:00:00+05:30,727.5,731.5,721.1,724,1714037
802,2021-03-04 00:00:00+05:30,720.5,728.5,713,721,2122634
803,2021-03-05 00:00:00+05:30,717.25,724.75,711.3,723,2140241
804,2021-03-08 00:00:00+05:30,722.95,736.95,715,721.9,3203722
805,2021-03-09 00:00:00+05:30,740.2,746,732,732,5412952
806,2021-03-10 00:00:00+05:30,731.35,746,725.1,743.15,2422642
807,2021-03-12 00:00:00+05:30,710.8,739.8,710,739.8,3271450
808,2021-03-15 00:00:00+05:30,704.15,715,695.5,712,2394247
809,2021-03-16 00:00:00+05:30,703.05,710.6,700,707.7,1619213
810,2021-03-17 00:00:00+05:30,689.8,707.1,687.5,706.5,2100094
811,2021-03-18 00:00:00+05:30,680.85,699.25,675.1,695.1,2124421
812,2021-03-19 00:00:00+05:30,688.45,690,673.85,679.95,3146999
813,2021-03-22 00:00:00+05:30,679.85,694.75,678.25,689.45,2585880
814,2021-03-23 00:00:00+05:30,683.55,689.45,680.65,683.85,2207365
815,2021-03-24 00:00:00+05:30,676.5,686.85,675.05,679.2,1735370
816,2021-03-25 00:00:00+05:30,667,677.55,662,676.5,2743208
817,2021-03-26 00:00:00+05:30,671.7,676.8,666.55,672.4,1761492
818,2021-03-30 00:00:00+05:30,687.75,693.3,675,675.5,3467886
819,2021-03-31 00:00:00+05:30,696.2,697.8,681,688,2368424
820,2021-04-01 00:00:00+05:30,691,704.35,682.3,699.8,3443437
821,2021-04-05 00:00:00+05:30,682.15,698,676.1,697.9,2074674
822,2021-04-06 00:00:00+05:30,697.15,701.05,680.55,686.45,1427470
823,2021-04-07 00:00:00+05:30,699.85,705,695.2,704.45,2890361
824,2021-04-08 00:00:00+05:30,701.45,706,697.3,700,1817393
825,2021-04-09 00:00:00+05:30,694.85,703.2,690.5,700,1586783
826,2021-04-12 00:00:00+05:30,687.3,690,679.6,685,3457470
827,2021-04-13 00:00:00+05:30,706.1,710.7,685,689.15,4171978
828,2021-04-15 00:00:00+05:30,694.45,713.7,688,713.15,2566125
829,2021-04-16 00:00:00+05:30,690.65,701.3,689.1,694.5,2784995
830,2021-04-19 00:00:00+05:30,665.95,684.45,661.55,682.05,4936620
831,2021-04-20 00:00:00+05:30,685.2,689,670.1,670.1,5373233
832,2021-04-22 00:00:00+05:30,679.05,682.8,672,672,2526780
833,2021-04-23 00:00:00+05:30,686.35,691.4,676.35,679,3140377
834,2021-04-26 00:00:00+05:30,704.45,708.15,687.2,693,3274660
835,2021-04-27 00:00:00+05:30,678.75,719,677,711.05,10860187
836,2021-04-28 00:00:00+05:30,672.6,682.5,671.15,682.5,4011121
837,2021-04-29 00:00:00+05:30,674.65,681.35,672.15,678,3939217
838,2021-04-30 00:00:00+05:30,665.1,678,660.7,670,2742166
839,2021-05-03 00:00:00+05:30,671.9,674.5,657.15,660,4908079
840,2021-05-04 00:00:00+05:30,667.85,680.85,665.5,677,4118750
841,2021-05-05 00:00:00+05:30,674.4,675.8,667,670.05,2249063
842,2021-05-06 00:00:00+05:30,671.8,679.9,669,672,2269126
843,2021-05-07 00:00:00+05:30,672.65,680.5,671.05,678,1913550
844,2021-05-10 00:00:00+05:30,680.05,685.95,670.25,670.25,4342679
845,2021-05-11 00:00:00+05:30,671.25,681.5,669.9,678,2430724
846,2021-05-12 00:00:00+05:30,668.8,673.95,665.1,671.25,2428984
847,2021-05-14 00:00:00+05:30,670.6,679.9,666.4,679.9,1580599
848,2021-05-17 00:00:00+05:30,666.3,675.3,662.85,671.6,2453864
849,2021-05-18 00:00:00+05:30,666.7,672.8,666,669.6,1809231
850,2021-05-19 00:00:00+05:30,666.15,671.6,665,668,2252486
851,2021-05-20 00:00:00+05:30,667.5,679,665.7,669,4316905
852,2021-05-21 00:00:00+05:30,670.7,674.9,667,669,1629616
853,2021-05-24 00:00:00+05:30,670.25,673.3,667.35,670.7,1785392
854,2021-05-25 00:00:00+05:30,659.15,674,657.1,673.7,3425396
855,2021-05-26 00:00:00+05:30,658.5,666.4,657.15,663.5,1938680
856,2021-05-27 00:00:00+05:30,664.05,667,657.35,661.05,3565457
857,2021-05-28 00:00:00+05:30,668.95,674.4,662.75,665,3030073
858,2021-05-31 00:00:00+05:30,665.9,670.7,662.45,670.7,3123672
859,2021-06-01 00:00:00+05:30,665.25,670.95,663.65,668.6,1731330
860,2021-06-02 00:00:00+05:30,675.9,677.95,662.9,664,4979822
861,2021-06-03 00:00:00+05:30,678.45,683.3,676.6,679.75,2861563
862,2021-06-04 00:00:00+05:30,680.9,688.75,677.6,678.75,2532605
863,2021-06-07 00:00:00+05:30,680.1,684.5,675,682.3,1746210
864,2021-06-08 00:00:00+05:30,689.7,692,681,684.05,3425861
865,2021-06-09 00:00:00+05:30,684.9,696.9,681.5,695,3041695
866,2021-06-10 00:00:00+05:30,689.25,691.7,684.25,689,2217208
867,2021-06-11 00:00:00+05:30,682.6,690.15,681.55,689.25,1716481
868,2021-06-14 00:00:00+05:30,681.7,685,674.3,682.6,1151855
869,2021-06-15 00:00:00+05:30,692.55,694,680.3,681.35,2613877
870,2021-06-16 00:00:00+05:30,692.15,698.1,690,696.2,3092360
871,2021-06-17 00:00:00+05:30,700.3,703.85,682.3,685.95,3796926
872,2021-06-18 00:00:00+05:30,709.2,711,692.6,704,6580504
873,2021-06-21 00:00:00+05:30,718.75,720,704.6,707.25,6100487
874,2021-06-22 00:00:00+05:30,716.75,724,713.25,720,2451368
875,2021-06-23 00:00:00+05:30,717.75,723.65,716.35,721,1893116
876,2021-06-24 00:00:00+05:30,719.6,722.45,712.05,715,1652982
877,2021-06-25 00:00:00+05:30,725.95,731.5,718.3,722,2833717
878,2021-06-28 00:00:00+05:30,696.2,728,694.2,728,7428147
879,2021-06-29 00:00:00+05:30,686.5,702.5,680.05,680.25,30820343
880,2021-06-30 00:00:00+05:30,686.3,695.65,685,690,3432606
881,2021-07-01 00:00:00+05:30,685.75,692.6,682.8,689.5,2556547
882,2021-07-02 00:00:00+05:30,687.5,690.05,678.85,689.35,7942326
883,2021-07-05 00:00:00+05:30,677.9,691,676.75,690,6776797
884,2021-07-06 00:00:00+05:30,680.05,687,675,678.6,6442552
885,2021-07-07 00:00:00+05:30,685.2,685.8,678,680,3025732
886,2021-07-08 00:00:00+05:30,681.3,689.3,678.4,685.3,3568036
887,2021-07-09 00:00:00+05:30,683.25,683.95,677,680,2570371
888,2021-07-12 00:00:00+05:30,682.95,686.65,680.1,684.5,1383135
889,2021-07-13 00:00:00+05:30,693.4,694.55,683.55,686.5,3119430
890,2021-07-14 00:00:00+05:30,688.5,697.05,688,696,2303846
891,2021-07-15 00:00:00+05:30,693.65,699.5,688.1,690,2774718
892,2021-07-16 00:00:00+05:30,698,702,692.15,695.95,2000951
893,2021-07-19 00:00:00+05:30,678.7,696.5,677,696.5,2866929
894,2021-07-20 00:00:00+05:30,663.45,681.5,661.95,678.7,3629414
895,2021-07-22 00:00:00+05:30,662.1,669.4,661.1,664,4062964
896,2021-07-23 00:00:00+05:30,665.35,667.95,661.8,662.1,2796725
897,2021-07-26 00:00:00+05:30,663.1,665.4,660.35,665,2503714
898,2021-07-27 00:00:00+05:30,668.75,674.8,662.9,666,3512513
899,2021-07-28 00:00:00+05:30,664.85,674.45,661.15,674.45,2686658
900,2021-07-29 00:00:00+05:30,662.65,669.95,661,666.05,1981009
901,2021-07-30 00:00:00+05:30,664.05,672,661.35,664.5,2640763
902,2021-08-02 00:00:00+05:30,670.35,671.45,665.4,669,2613866
903,2021-08-03 00:00:00+05:30,673.8,675,666.6,672,2936646
904,2021-08-04 00:00:00+05:30,675.3,679.65,672.65,676,3077649
905,2021-08-05 00:00:00+05:30,669.5,678,668.2,678,1985164
906,2021-08-06 00:00:00+05:30,673.4,675.5,669,670.05,1749643
907,2021-08-09 00:00:00+05:30,667,677.95,666,674.15,1468932
908,2021-08-10 00:00:00+05:30,670.3,674.55,663.3,671.85,2024406
909,2021-08-11 00:00:00+05:30,666.65,671.9,661.35,669.6,1361893
910,2021-08-12 00:00:00+05:30,674.95,675.9,665.4,666.5,1822952
911,2021-08-13 00:00:00+05:30,670.5,678.2,668.6,675,1358720
912,2021-08-16 00:00:00+05:30,673.55,675.5,666,670,1058059
913,2021-08-17 00:00:00+05:30,669.4,676.55,668.1,673,2151413
914,2021-08-18 00:00:00+05:30,671.05,675.15,668.5,668.95,1968944
915,2021-08-20 00:00:00+05:30,667.85,674.8,656,664,4035337
916,2021-08-23 00:00:00+05:30,668.8,672.8,662.3,670,2173978
917,2021-08-24 00:00:00+05:30,671.1,675.45,668.1,671,3051984
918,2021-08-25 00:00:00+05:30,687.55,692,673,675.1,7608915
919,2021-08-26 00:00:00+05:30,698.85,702,690,693.4,7671524
920,2021-08-27 00:00:00+05:30,704.1,707,698.85,700.35,3396769
921,2021-08-30 00:00:00+05:30,712.35,713.2,706.1,709,3023655
922,2021-08-31 00:00:00+05:30,717.75,719,704.1,712.35,3854510
923,2021-09-01 00:00:00+05:30,718.55,724.6,707.3,720,4991772
924,2021-09-02 00:00:00+05:30,759,775.65,720,722.45,16281725
925,2021-09-03 00:00:00+05:30,734.4,747.75,727.2,738.95,15600504
926,2021-09-06 00:00:00+05:30,736.05,743.75,728.7,740,8084343
927,2021-09-07 00:00:00+05:30,734.25,743.4,730.6,737,2891731
928,2021-09-08 00:00:00+05:30,743.65,747,733.85,739,3070612
929,2021-09-09 00:00:00+05:30,737.35,746.15,735,742.55,2867987
930,2021-09-13 00:00:00+05:30,734.9,742.7,723.45,736.95,2883674
931,2021-09-14 00:00:00+05:30,739.2,744,736.1,737.8,1974670
932,2021-09-15 00:00:00+05:30,746.3,752,740,740.9,3172198
933,2021-09-16 00:00:00+05:30,755.15,756.2,743.5,747,3209102
934,2021-09-17 00:00:00+05:30,747.75,759.6,740,759,11661592
935,2021-09-20 00:00:00+05:30,730.15,746.9,727,739.05,1447672
936,2021-09-21 00:00:00+05:30,735.8,737.7,724.25,729.7,1850978
937,2021-09-22 00:00:00+05:30,733.05,740.05,731,733.4,1150957
938,2021-09-23 00:00:00+05:30,724.65,735.85,722.2,733.75,2336977
939,2021-09-24 00:00:00+05:30,725.8,731.3,720.75,728.9,2219394
940,2021-09-27 00:00:00+05:30,721,730.25,718.3,729.4,1906863
941,2021-09-28 00:00:00+05:30,725.8,733.35,721.5,722,2407512
942,2021-09-29 00:00:00+05:30,734.75,738,721,724.7,5200234
943,2021-09-30 00:00:00+05:30,722.4,740,720.7,740,3235673
944,2021-10-01 00:00:00+05:30,729.45,730.5,714.3,720,1852758
945,2021-10-04 00:00:00+05:30,726.65,733.35,725,725.4,1615207
946,2021-10-05 00:00:00+05:30,733.15,735.95,722.05,724.2,2236948
947,2021-10-06 00:00:00+05:30,725.65,741.7,724,736,1939154
948,2021-10-07 00:00:00+05:30,725.35,732.35,719.3,730,2453970
949,2021-10-08 00:00:00+05:30,722.1,731.45,720.3,729,1573419
950,2021-10-11 00:00:00+05:30,717.3,724.9,714.9,724.9,3007329
951,2021-10-12 00:00:00+05:30,703.4,717.95,699,716.9,3241303
952,2021-10-13 00:00:00+05:30,700.9,709.8,700,704.3,3092746
953,2021-10-14 00:00:00+05:30,693.8,702.7,693,702.5,4077281
954,2021-10-18 00:00:00+05:30,703.6,706.05,689.05,700,4597120
955,2021-10-19 00:00:00+05:30,702.8,709.05,698.55,708,2137420
956,2021-10-20 00:00:00+05:30,703.4,709.5,695.3,703.4,2606119
957,2021-10-21 00:00:00+05:30,694.55,711,691,706.95,3427729
958,2021-10-22 00:00:00+05:30,690.75,702,678,700,3533890
959,2021-10-25 00:00:00+05:30,683.25,693.55,676.5,690.75,2786630
960,2021-10-26 00:00:00+05:30,690.05,695,684.1,685,2616174
961,2021-10-27 00:00:00+05:30,693.85,699.95,688.35,689.9,2103049
962,2021-10-28 00:00:00+05:30,683.1,695.7,680.2,693.85,1471621
963,2021-10-29 00:00:00+05:30,680.45,689,675.5,682.5,2021722
964,2021-11-01 00:00:00+05:30,689.8,693.45,680.35,680.45,1575508
965,2021-11-02 00:00:00+05:30,692.65,697.65,691.25,694,1898373
966,2021-11-03 00:00:00+05:30,692.3,698.5,685.8,695.05,1256308
967,2021-11-04 00:00:00+05:30,696.4,699.9,695,699.9,409164
968,2021-11-08 00:00:00+05:30,703.25,704.95,692,702.5,2429656
969,2021-11-09 00:00:00+05:30,706.45,709.95,698.8,709.7,2647708
970,2021-11-10 00:00:00+05:30,706.5,708,700.6,705.5,2077910
971,2021-11-11 00:00:00+05:30,702.6,706.9,700.15,706,1102633
972,2021-11-12 00:00:00+05:30,720.6,722,704.8,708.85,5345270
973,2021-11-15 00:00:00+05:30,714.6,723.95,711.2,723.95,1917369
974,2021-11-16 00:00:00+05:30,713.6,719.4,711.25,718,1900114
975,2021-11-17 00:00:00+05:30,711.05,722.4,708.4,714.2,2453920
976,2021-11-18 00:00:00+05:30,704.5,715,702.3,711.05,1708655
977,2021-11-22 00:00:00+05:30,688.85,709.75,684.3,706.9,2109072
978,2021-11-23 00:00:00+05:30,695.4,699.4,686,688.8,2081366
979,2021-11-24 00:00:00+05:30,687.2,704.45,682.85,698.4,2093430
980,2021-11-25 00:00:00+05:30,688.8,694.5,685.5,690,1943112
981,2021-11-26 00:00:00+05:30,670.65,689,667.1,685,2236662
982,2021-11-29 00:00:00+05:30,683.65,686,658.8,669.6,4901166
983,2021-11-30 00:00:00+05:30,680.8,689.75,672.65,682,11535239
984,2021-12-01 00:00:00+05:30,693.85,695,678.05,680,3209799
985,2021-12-02 00:00:00+05:30,705.3,706.75,694,696,2331496
986,2021-12-03 00:00:00+05:30,690.95,707.25,688.15,707.25,1878712
987,2021-12-06 00:00:00+05:30,684.2,693.75,682.5,691,1393577
988,2021-12-07 00:00:00+05:30,694.4,696.2,683.85,688,2459318
989,2021-12-08 00:00:00+05:30,686.4,698.85,684.7,698.1,3678237
990,2021-12-09 00:00:00+05:30,683.15,690.3,681.2,689.9,1650779
991,2021-12-10 00:00:00+05:30,684.75,686,680.25,684.9,1011025
992,2021-12-13 00:00:00+05:30,674.4,688.4,673,685,2026297
993,2021-12-14 00:00:00+05:30,669.5,678,665.65,678,2093071
994,2021-12-15 00:00:00+05:30,672.85,675.3,665.1,670,1981529
995,2021-12-16 00:00:00+05:30,669.5,677.45,667.95,674.2,1404782
996,2021-12-17 00:00:00+05:30,656.6,669.95,654.4,667,2377387
997,2021-12-20 00:00:00+05:30,633.6,654,627,654,2473370
998,2021-12-21 00:00:00+05:30,638.75,643.95,633,640,1640601
999,2021-12-22 00:00:00+05:30,639.9,643.3,636,640.05,1212183
1000,2021-12-23 00:00:00+05:30,640.5,644.6,636.8,641.05,2150523
1001,2021-12-24 00:00:00+05:30,637.35,643,634.15,641.2,1183083
1002,2021-12-27 00:00:00+05:30,639.75,642.35,630.1,635,1185438
1003,2021-12-28 00:00:00+05:30,642.3,643.65,639,641.75,1217603
1004,2021-12-29 00:00:00+05:30,644.75,646.75,639.1,645,1505964
1005,2021-12-30 00:00:00+05:30,640.9,645.35,640.1,644.75,1280995
1006,2021-12-31 00:00:00+05:30,649.55,655,642.15,645.35,1592842
1007,2022-01-03 00:00:00+05:30,650.5,654.65,646.3,654,1892087
1008,2022-01-04 00:00:00+05:30,653.15,655,649.05,652.4,2293391
1009,2022-01-05 00:00:00+05:30,653.55,658.25,650.65,655,3326875
1010,2022-01-06 00:00:00+05:30,646.9,651.95,644.9,651,2548339
1011,2022-01-07 00:00:00+05:30,660.3,662.95,646,647,2168995
1012,2022-01-10 00:00:00+05:30,662.95,669.7,660,666,1480419
1013,2022-01-11 00:00:00+05:30,658.15,665.9,656.25,662.95,1484964
1014,2022-01-12 00:00:00+05:30,673.25,674.25,658.3,658.3,2091488
1015,2022-01-13 00:00:00+05:30,670.35,676.4,668.4,673.9,1807858
1016,2022-01-14 00:00:00+05:30,671.45,674.85,666.2,668,1292789
1017,2022-01-17 00:00:00+05:30,674.15,675.55,668,671,1255654
1018,2022-01-18 00:00:00+05:30,669.1,678.8,666.75,678,979679
1019,2022-01-19 00:00:00+05:30,656.05,667.4,652.25,665,1945857
1020,2022-01-20 00:00:00+05:30,649.45,660.6,647.55,654.6,1429228
1021,2022-01-21 00:00:00+05:30,641.45,646.95,633.35,645,2963518
1022,2022-01-24 00:00:00+05:30,627.6,639.85,619.1,639.85,2628472
1023,2022-01-25 00:00:00+05:30,630.8,633.5,617,627.2,1827902
1024,2022-01-27 00:00:00+05:30,621.5,625.9,617.15,625.8,1914985
1025,2022-01-28 00:00:00+05:30,620.45,632.9,619.05,621.35,1317526
1026,2022-01-31 00:00:00+05:30,622.45,627.5,615.45,625.5,4374943
1027,2022-02-01 00:00:00+05:30,623.9,638.55,617.6,626.25,4159628
1028,2022-02-02 00:00:00+05:30,644.15,645.8,624.1,624.1,2989002
1029,2022-02-03 00:00:00+05:30,634.4,647.3,631.05,646.05,2076930
1030,2022-02-04 00:00:00+05:30,624.35,637,622.1,637,1909456
1031,2022-02-07 00:00:00+05:30,603.25,623.7,600,620.1,3030728
1032,2022-02-08 00:00:00+05:30,600.45,607.85,594,606.4,1954492
1033,2022-02-09 00:00:00+05:30,600.2,606.75,596.1,606.75,2644690
1034,2022-02-10 00:00:00+05:30,606.25,611.5,590.45,600.2,6231536
1035,2022-02-11 00:00:00+05:30,595.35,601.5,593,600.7,2557745
1036,2022-02-14 00:00:00+05:30,557.3,589.8,555,588,7168038
1037,2022-02-15 00:00:00+05:30,573.6,574.5,551.6,564,4282324
1038,2022-02-16 00:00:00+05:30,586.35,592.9,576.3,577,6991082
1039,2022-02-17 00:00:00+05:30,592.6,595.4,581.25,586.1,3542326
1040,2022-02-18 00:00:00+05:30,590.95,597.5,587.45,590,2613689
1041,2022-02-21 00:00:00+05:30,582,589.4,576.55,583.55,2415405
1042,2022-02-22 00:00:00+05:30,572.75,577,565,577,2952243
1043,2022-02-23 00:00:00+05:30,569.05,578,565.5,572.75,1929381
1044,2022-02-24 00:00:00+05:30,532.95,560,529.05,559,5515851
1045,2022-02-25 00:00:00+05:30,538.9,545.55,533.85,540,5087685
1046,2022-02-28 00:00:00+05:30,523.2,532.5,520.25,532,10669560
1047,2022-03-02 00:00:00+05:30,560.8,563,509.05,518,41081069
1048,2022-03-03 00:00:00+05:30,531.75,563.5,530.25,560.75,5811568
1049,2022-03-04 00:00:00+05:30,521.5,528.9,514.25,528.9,4687979
1050,2022-03-07 00:00:00+05:30,503.5,520,498,505,9156126
1051,2022-03-08 00:00:00+05:30,513.05,514.95,497.05,500,7443036
1052,2022-03-09 00:00:00+05:30,514.7,523,508,517,4515965
1053,2022-03-10 00:00:00+05:30,521.3,529.75,515.85,524,5059007
1054,2022-03-11 00:00:00+05:30,518.8,524.2,514.75,518.55,2924919
1055,2022-03-14 00:00:00+05:30,512.45,521.15,510.05,520,4517379
1056,2022-03-15 00:00:00+05:30,504.7,519.8,502.75,512.45,4513513
1057,2022-03-16 00:00:00+05:30,517.3,521.35,507.05,507.05,6339842
1058,2022-03-17 00:00:00+05:30,530.15,532.9,520.5,523,11303983
1059,2022-03-21 00:00:00+05:30,522.35,534.3,520.25,532.8,4064003
1060,2022-03-22 00:00:00+05:30,529.3,530.5,516.5,523.5,3457606
1061,2022-03-23 00:00:00+05:30,525.85,534,524.15,531.9,2654149
1062,2022-03-24 00:00:00+05:30,522.35,526,519,524,3192575
1063,2022-03-25 00:00:00+05:30,519.55,528,517.85,524.1,2874297
1064,2022-03-28 00:00:00+05:30,512.6,520.7,505.1,516.1,4968964
1065,2022-03-29 00:00:00+05:30,523,525.7,514.4,517,3428962
1066,2022-03-30 00:00:00+05:30,542.3,543.35,526,526,6695548
1067,2022-03-31 00:00:00+05:30,538.2,550.25,533.9,542.95,5976662
1068,2022-04-01 00:00:00+05:30,550.35,551.4,536.4,538,3675121
1069,2022-04-04 00:00:00+05:30,571.8,597.55,553.8,560,23976331
1070,2022-04-05 00:00:00+05:30,569.65,575.65,567,572,4898169
1071,2022-04-06 00:00:00+05:30,555.85,568,553.75,567,5626902
1072,2022-04-07 00:00:00+05:30,559,560.55,552.85,560,3159512
1073,2022-04-08 00:00:00+05:30,564.8,566.85,553.8,558.95,3232920
1074,2022-04-11 00:00:00+05:30,567.4,571.7,560.6,564.95,3034500
1075,2022-04-12 00:00:00+05:30,562.3,572.8,560.45,566.5,4518691
1076,2022-04-13 00:00:00+05:30,564.85,568.75,562,565,2313264
1077,2022-04-18 00:00:00+05:30,574.3,576.85,555.25,560.5,5765896
1078,2022-04-19 00:00:00+05:30,546.7,579.9,542,576.9,2958108
1079,2022-04-20 00:00:00+05:30,559.3,560.75,541,548,3278202
1080,2022-04-21 00:00:00+05:30,570.95,575.7,557.05,560.5,3111307
1081,2022-04-22 00:00:00+05:30,554.05,568.9,552,568.9,2703271
1082,2022-04-25 00:00:00+05:30,540,552,536,552,3225681
1083,2022-04-26 00:00:00+05:30,549.85,556,537.95,541.1,4153518
1084,2022-04-27 00:00:00+05:30,547.65,558.45,537.25,552,4744055
1085,2022-04-28 00:00:00+05:30,571.4,575.35,546.5,550.9,14954957
1086,2022-04-29 00:00:00+05:30,582.4,594,573.2,575.35,8916828
1087,2022-05-02 00:00:00+05:30,579.85,585.75,574.7,577.45,3025011
1088,2022-05-04 00:00:00+05:30,567.6,580.55,564.4,570.3,3587834
1089,2022-05-05 00:00:00+05:30,569.75,577.4,563.5,570.5,3860357
1090,2022-05-06 00:00:00+05:30,565.95,573.75,555,555,3969111
1091,2022-05-09 00:00:00+05:30,563.85,569,557.5,558.15,2774773
1092,2022-05-10 00:00:00+05:30,559.2,572.9,558,561,3953646
1093,2022-05-11 00:00:00+05:30,563.55,575.7,559.5,559.5,4283207
1094,2022-05-12 00:00:00+05:30,547.25,564.65,544.3,560.1,3079554
1095,2022-05-13 00:00:00+05:30,550.75,565.85,548.05,555,3154166
1096,2022-05-16 00:00:00+05:30,549.7,557.75,544.2,552.1,1260662
1097,2022-05-17 00:00:00+05:30,554.85,556.85,542.5,549.85,2057634
1098,2022-05-18 00:00:00+05:30,550,558.55,547.55,555,2377852
1099,2022-05-19 00:00:00+05:30,528.7,547.4,525.4,542.5,3998270
1100,2022-05-20 00:00:00+05:30,544.7,547.35,532,534,2607708
1101,2022-05-23 00:00:00+05:30,551.15,556.2,542.65,544,3094798
1102,2022-05-24 00:00:00+05:30,552.9,556,545.65,551.15,3835802
1103,2022-05-25 00:00:00+05:30,569.1,571.55,556.6,557.7,5339885
1104,2022-05-26 00:00:00+05:30,578.05,581,563.15,568.1,3444955
1105,2022-05-27 00:00:00+05:30,598.1,604.3,577.4,582,8795852
1106,2022-05-30 00:00:00+05:30,608.9,613.4,599.3,605.65,5399271
1107,2022-05-31 00:00:00+05:30,598.95,607.5,596.1,607,5609885
1108,2022-06-01 00:00:00+05:30,607.15,609,596.65,598.95,4893225
1109,2022-06-02 00:00:00+05:30,607.9,609.55,591.2,604,5252011
1110,2022-06-03 00:00:00+05:30,602.7,617.45,600.3,613,3679222
1111,2022-06-06 00:00:00+05:30,606.1,614.5,601.05,601.95,3348790
1112,2022-06-07 00:00:00+05:30,605.3,607.15,593.05,607,1652408
1113,2022-06-08 00:00:00+05:30,599.95,608.9,596.05,602.3,2129427
1114,2022-06-09 00:00:00+05:30,604.9,606.9,592,595.5,2320898
1115,2022-06-10 00:00:00+05:30,593.1,603.8,591.55,601.8,1988641
1116,2022-06-13 00:00:00+05:30,582,590,579.55,581.55,2280937
1117,2022-06-14 00:00:00+05:30,572.4,584.65,570.15,580,4065780
1118,2022-06-15 00:00:00+05:30,579.75,582.2,571.15,577,2601467
1119,2022-06-16 00:00:00+05:30,570.55,585.85,567.65,582,2366283
1120,2022-06-17 00:00:00+05:30,550.8,572,547.4,564,5050203
1121,2022-06-20 00:00:00+05:30,553.15,558.45,545.85,551,1278783
1122,2022-06-21 00:00:00+05:30,564.45,565.8,555,555.4,982122
1123,2022-06-22 00:00:00+05:30,551.8,563.85,550.35,561,1215189
1124,2022-06-23 00:00:00+05:30,558.1,560,549.65,553.1,1592871
1125,2022-06-24 00:00:00+05:30,561.45,565.3,558.15,558.15,1021604
1126,2022-06-27 00:00:00+05:30,558,572.5,556.6,564.25,2738127
1127,2022-06-28 00:00:00+05:30,565.95,569,549.35,559.95,2194297
1128,2022-06-29 00:00:00+05:30,541.25,561.55,538.75,558.5,4268386
1129,2022-06-30 00:00:00+05:30,550,556,537.6,540.5,6228299
1130,2022-07-01 00:00:00+05:30,565.45,567.3,540.55,549.95,2052291
1131,2022-07-04 00:00:00+05:30,574.3,575.5,563.1,565.45,1488372
1132,2022-07-05 00:00:00+05:30,564.85,581.2,563.25,581,2528269
1133,2022-07-06 00:00:00+05:30,557.45,571.9,555,563.25,3309296
1134,2022-07-07 00:00:00+05:30,554.6,565.65,551.2,563.8,4548159
1135,2022-07-08 00:00:00+05:30,545.35,558.85,543.45,558,3509988
1136,2022-07-11 00:00:00+05:30,546.65,549.1,540.2,543,1848324
1137,2022-07-12 00:00:00+05:30,539.75,546.65,537.45,546.55,2088278
1138,2022-07-13 00:00:00+05:30,539.5,545.75,538.55,542.45,1169625
1139,2022-07-14 00:00:00+05:30,537.15,543.45,532.6,540.8,1770641
1140,2022-07-15 00:00:00+05:30,539.9,541.7,534,537.1,1079168
1141,2022-07-18 00:00:00+05:30,542.75,545.95,540.45,544.4,1543573
1142,2022-07-19 00:00:00+05:30,535.9,544.8,535,541,4654412
1143,2022-07-20 00:00:00+05:30,525.2,541.1,522,540,9053768
1144,2022-07-21 00:00:00+05:30,529.1,532.35,519.05,525.3,5528757
1145,2022-07-22 00:00:00+05:30,535,536.95,528.55,530,2944287
1146,2022-07-25 00:00:00+05:30,526.75,536,526,534,3800562
1147,2022-07-26 00:00:00+05:30,522.55,531,520.1,525,7812371
1148,2022-07-27 00:00:00+05:30,521.25,532.55,520.05,525,8672870
1149,2022-07-28 00:00:00+05:30,531.6,536,519.65,524,11504269
1150,2022-07-29 00:00:00+05:30,555.5,560,534.2,540,14236016
1151,2022-08-01 00:00:00+05:30,546.05,560.2,544.4,560,4482787
1152,2022-08-02 00:00:00+05:30,538.5,545,534.65,545,5856552
1153,2022-08-03 00:00:00+05:30,535.35,540.55,526.5,540,4152018
1154,2022-08-04 00:00:00+05:30,534.9,539.4,529.4,536.3,4868831
1155,2022-08-05 00:00:00+05:30,539.25,545.55,536.55,537.6,5466554
1156,2022-08-08 00:00:00+05:30,536.75,543.4,535.8,541,2560379
1157,2022-08-10 00:00:00+05:30,540.9,543.95,537,538.4,3597072
1158,2022-08-11 00:00:00+05:30,541.55,545.5,539.25,543.65,2333537
1159,2022-08-12 00:00:00+05:30,544.95,548.35,540.15,542,2904816
1160,2022-08-16 00:00:00+05:30,570.6,572.9,546,547.7,9780995
1161,2022-08-17 00:00:00+05:30,589.35,591.7,570,572,8775717
1162,2022-08-18 00:00:00+05:30,586.75,598.95,583,590.2,7123366
1163,2022-08-19 00:00:00+05:30,576.65,594.4,573.8,586.5,3992396
1164,2022-08-22 00:00:00+05:30,566.65,576.65,565.6,576.65,2575136
1165,2022-08-23 00:00:00+05:30,565.85,571.3,560,560,2725513
1166,2022-08-24 00:00:00+05:30,566.65,574.25,563.15,567.9,3475352
1167,2022-08-25 00:00:00+05:30,571.05,579.75,568.35,569.5,2146845
1168,2022-08-26 00:00:00+05:30,566.9,581.5,564.35,574.9,4009744
1169,2022-08-29 00:00:00+05:30,560.95,565,554.1,555,2582228
1170,2022-08-30 00:00:00+05:30,575.2,576.5,562.15,563.5,3057037
1171,2022-09-01 00:00:00+05:30,575.6,581,569.05,576.85,3491926
1172,2022-09-02 00:00:00+05:30,574.85,586.1,571.25,575,3282784
1173,2022-09-05 00:00:00+05:30,573.65,578.85,570.05,574,1218242
1174,2022-09-06 00:00:00+05:30,573.5,580.8,571.65,576.4,3339197
1175,2022-09-07 00:00:00+05:30,576.95,578.5,568.9,570,3210212
1176,2022-09-08 00:00:00+05:30,584.35,586,578,579.85,2397242
1177,2022-09-09 00:00:00+05:30,575.95,588.9,575,586,1230807
1178,2022-09-12 00:00:00+05:30,578.55,584,572.8,578,2014300
1179,2022-09-13 00:00:00+05:30,587.05,605.9,585,605,10170913
1180,2022-09-14 00:00:00+05:30,576.35,586.2,575.05,580,3032306
1181,2022-09-15 00:00:00+05:30,566.75,583.4,566.1,578.4,2651988
1182,2022-09-16 00:00:00+05:30,546.75,568.85,544.9,568,7125860
1183,2022-09-19 00:00:00+05:30,548.1,557,543,550,4657454
1184,2022-09-20 00:00:00+05:30,559.75,564.55,547.2,550.8,8499419
1185,2022-09-21 00:00:00+05:30,551.4,561.8,549.5,558,2075187
1186,2022-09-22 00:00:00+05:30,545.8,551.45,540.1,545.1,3493307
1187,2022-09-23 00:00:00+05:30,539.45,545,537.1,542.75,2118150
1188,2022-09-26 00:00:00+05:30,522.75,536.45,520,535,3974804
1189,2022-09-27 00:00:00+05:30,520.85,526.9,515.25,525.4,2994372
1190,2022-09-28 00:00:00+05:30,514.45,520.25,510,518.35,3564554
1191,2022-09-29 00:00:00+05:30,528,529.75,517,518,5428542
1192,2022-09-30 00:00:00+05:30,530.45,532.4,521.5,526,3216079
1193,2022-10-03 00:00:00+05:30,518.7,530.55,518.05,530.55,2951085
1194,2022-10-04 00:00:00+05:30,531.95,533.1,522.2,522.2,2257640
1195,2022-10-06 00:00:00+05:30,529.65,539.2,528.8,535,3033739
1196,2022-10-07 00:00:00+05:30,526.85,533.5,525.9,529.95,2762228
1197,2022-10-10 00:00:00+05:30,533.2,534.5,520,525.8,2979552
1198,2022-10-11 00:00:00+05:30,522.55,535,521.3,534,2358152
1199,2022-10-12 00:00:00+05:30,526.6,528.6,520.1,520.1,1768526
1200,2022-10-13 00:00:00+05:30,520.65,526,518,525,1463375
1201,2022-10-14 00:00:00+05:30,523,534.4,521.8,534.4,2214367
1202,2022-10-17 00:00:00+05:30,523.75,525.9,518.6,522,1486039
1203,2022-10-18 00:00:00+05:30,531.25,532.4,523.75,526.1,2757284
1204,2022-10-19 00:00:00+05:30,531.55,535.4,529.3,533.2,2135162
1205,2022-10-20 00:00:00+05:30,537.2,538,527,531,2285817
1206,2022-10-21 00:00:00+05:30,541.95,548.3,536.7,539.9,4221644
